Wavelength_nm,Reconstructed_1,Reconstructed_2,Reconstructed_3,Reconstructed_4,Reconstructed_5,Reconstructed_6
360,1.03037921478768e-18,1.38276056447482e-33,9.96336026922337e-123,3.85969272635582e-293,1.50535313617719e-05,1.83006493897578e-82
361,8.40012817270111e-18,2.03583871232126e-32,2.34704923608727e-120,2.02900668483208e-289,2.15860902973837e-05,1.50320175161816e-80
362,6.4836678126233e-17,2.83568086046615e-31,5.230656088472e-118,1.00909446640711e-285,2.92837835101069e-05,1.16811512129826e-78
363,4.73815708965056e-16,3.73670605522796e-30,1.10282787043367e-115,4.74785854913871e-282,3.75835661354967e-05,8.58759627700761e-77
364,3.27838276217596e-15,4.65841440453854e-29,2.19976810010723e-113,2.1133981317906e-278,4.5633773739043e-05,5.9727617660948e-75
365,2.14772560796149e-14,5.49420556639721e-28,4.15110450581363e-111,8.89984549078101e-275,5.24194408263457e-05,3.9300345312286e-73
366,1.33221422036759e-13,6.13040673228779e-27,7.41085019883788e-109,3.5456936951045e-271,5.69660338201119e-05,2.44644321939248e-71
367,7.82442450959084e-13,6.47129614360729e-26,1.25167045925366e-106,1.33640337454443e-267,5.85675670202155e-05,1.44075957660155e-69
368,4.35131450543958e-12,6.46265333364338e-25,1.99999804344854e-104,4.7653138862092e-264,5.69660338201203e-05,8.02722599030216e-68
369,2.2913141528152e-11,6.10587692831668e-24,3.02333825559822e-102,1.60754471368415e-260,5.24194408263883e-05,4.23113678028141e-66
370,1.14248615300453e-10,5.45761420692817e-23,4.32375929218753e-100,5.13041162699954e-257,4.56337737392388e-05,2.10992122297225e-64
371,5.39417610609941e-10,4.6150373401177e-22,5.84997321585532e-98,1.54902690482544e-253,3.75835661363479e-05,9.95389411179886e-63
372,2.4116404017557e-09,3.69202987209418e-21,7.48796571629533e-96,4.42469471132047e-250,2.92837835136072e-05,4.4426018457452e-61
373,1.02098244146268e-08,2.79429847394719e-20,9.06758044712976e-94,1.19570834930519e-246,2.15860903110019e-05,1.87585544956002e-59
374,4.09304927280151e-08,2.00077375187082e-19,1.03881111460318e-91,3.05692520450981e-243,1.50535314118973e-05,7.49340052163001e-58
375,1.55382812092181e-07,1.35531663639567e-18,1.12589880540202e-89,7.39370236531717e-240,9.93162703300982e-06,2.83188832806306e-56
376,5.5858626895823e-07,8.68562665610132e-18,1.15446223132374e-87,1.6918299761668e-236,6.19897717887647e-06,1.01249036972856e-54
377,1.90157046678205e-06,5.26597928527083e-17,1.11989601883395e-85,3.66242776344779e-233,3.66047473090719e-06,3.42470587743276e-53
378,6.13017320449812e-06,3.0204714528227e-16,1.02776369500093e-83,7.50065205953994e-230,2.04490495107583e-06,1.09590588077849e-51
379,1.87143239576407e-05,1.63903385753257e-15,8.92331952788375e-82,1.45327088360578e-226,1.08076265973305e-06,3.31772844352654e-50
380,5.4102733468043e-05,8.41431399895892e-15,7.32954839956144e-80,2.66386201738613e-223,5.40412859436348e-07,9.50224043355875e-49
381,0.000148118809279119,4.08664680529182e-14,5.69568010987122e-78,4.61949476045265e-220,2.55709577679708e-07,2.5747128140984e-47
382,0.000384015828813931,1.87772978507704e-13,4.18727575859089e-76,7.57870203347368e-217,1.14619173746769e-07,6.60007961221837e-46
383,0.000942839207596844,8.16237767938715e-13,2.91229346935741e-74,1.17628561661766e-213,4.8942103566224e-08,1.60061600136429e-44
384,0.00219218476720518,3.35674134022669e-12,1.91626827720094e-72,1.72722271550911e-210,2.04813611690236e-08,3.67233874434313e-43
385,0.00482690625548613,1.30598042870194e-11,1.19287540504882e-70,2.39939359777328e-207,9.51766203241654e-09,7.97105701188733e-42
386,0.010064998428669,4.8069882497972e-11,7.02508298534443e-69,3.15335053499312e-204,6.73581157707675e-09,1.63684176000109e-40
387,0.019875243033696,1.67389053144752e-10,3.91404156805975e-67,3.92067285841182e-201,8.23429128431748e-09,3.17991182649195e-39
388,0.0371676966726784,5.5144048223577e-10,2.06308446506619e-65,4.61175855404965e-198,1.27180129227603e-08,5.84441517460317e-38
389,0.0658224030397779,1.71865156619607e-09,1.02878869761757e-63,5.13204100939612e-195,2.00036763069988e-08,1.01621275541081e-36
390,0.110391845781882,5.06751019858401e-09,4.85347682558261e-62,5.40295405642397e-192,3.02129718705595e-08,1.67165181545935e-35
391,0.175329751203103,1.41357555072822e-08,2.16619393992309e-60,5.38133503346875e-189,4.32949979706212e-08,2.60150465385167e-34
392,0.263711881039043,3.73044824332209e-08,9.14659212798983e-59,5.07068215467311e-186,5.87267145155315e-08,3.83019592882786e-33
393,0.375629133197246,9.31366500647063e-08,3.65375051894813e-57,4.52022805099137e-183,7.53695705629338e-08,5.33500675740101e-32
394,0.506692315661305,2.19987400473097e-07,1.38081681586304e-55,3.81216688004871e-180,9.15129293146162e-08,7.03018182793157e-31
395,0.647268994176201,4.91578186173067e-07,4.93686037887242e-54,3.04159273440129e-177,1.05120660456993e-07,8.76426987023563e-30
396,0.783034087611522,1.03921402226275e-06,1.66987215494425e-52,2.29587278841034e-174,1.14238267772694e-07,1.03367146253761e-28
397,0.897081403224659,2.07842804452549e-06,5.34359089582166e-51,1.63950286355539e-171,1.17449938984306e-07,1.1533653803692e-27
398,0.973281142819942,3.93262548938454e-06,1.61771040894891e-49,1.10762854307637e-168,1.1423826355445e-07,1.21749979472699e-26
399,1,7.03959681513909e-06,4.63325239523337e-48,7.07935512144739e-166,1.05120639234493e-07,1.21587374963133e-25
400,0.97300912320381,1.19214912082824e-05,1.25541911893001e-46,4.28066122039441e-163,9.15128316803154e-08,1.14875038043151e-24
401,0.896580015169184,1.90998950058091e-05,3.2181710077598e-45,2.44875659468344e-160,7.53691461336123e-08,1.02678721992937e-23
402,0.782377684536645,2.89500272789141e-05,7.80453617651993e-44,1.32525050753227e-157,5.87249690661217e-08,8.68266092226561e-23
403,0.646545600100415,4.15130435468002e-05,1.79061689738404e-42,6.78528259856574e-155,4.32882070902155e-08,6.94612873781253e-22
404,0.505984518342359,5.63167745211127e-05,3.88665381086733e-41,3.28666546563445e-152,3.01879763333632e-08,5.25715056603831e-21
405,0.37499952547535,7.22784068876068e-05,7.98117144916606e-40,1.50612377164586e-149,1.99166367910478e-08,3.764225246598e-20
406,0.26319623731754,8.77600718951559e-05,1.55051160720913e-38,6.52955260661191e-147,1.24312730688212e-08,2.54987206578681e-19
407,0.174937987516036,0.000100809850220387,2.84971221216795e-37,2.67808148853457e-144,7.34062113325221e-09,1.63410056288724e-18
408,0.110114382888612,0.000109553578720525,4.95501057460662e-36,1.03915839453096e-141,4.10079078882191e-09,9.90733317804859e-18
409,0.0656386087619527,0.000112633549042225,8.15090381276801e-35,3.81467298139472e-139,2.16730492217635e-09,5.68266896180164e-17
410,0.0370535585129636,0.000109553578720525,1.2684827070993e-33,1.32480047983561e-136,1.08365246108817e-09,3.08365332201307e-16
411,0.0198086763282634,0.000100809850220387,1.86758739536635e-32,4.35272510700768e-134,5.12598848602739e-10,1.58305621303098e-15
412,0.0100284908775353,8.77600718951559e-05,2.60132681446548e-31,1.35297447887528e-131,2.29394410414132e-10,7.68855502228806e-15
413,0.00480805887832083,7.22784068876068e-05,3.42788703579363e-30,3.97864846908665e-129,9.71193208501658e-11,3.5327322025626e-14
414,0.00218301809987575,5.63167745211127e-05,4.27342105818858e-29,1.10687641525562e-126,3.88996812325148e-11,1.5356572977973e-13
415,0.000938636348746343,4.15130435468002e-05,5.04013849488871e-28,2.91326706412484e-124,1.47402228190241e-11,6.31532200348274e-13
416,0.000382198310173159,2.89500272789141e-05,5.62376099461998e-27,7.25402527501946e-122,5.28420496706556e-12,2.45705167647567e-12
417,0.000147377155677768,1.90998950058091e-05,5.93647769655765e-26,1.70881650570077e-119,1.7921438313604e-12,9.0437944385602e-12
418,5.381706179301e-05,1.19214912082824e-05,5.92854916918883e-25,3.808284599315e-117,5.75020951331387e-13,3.14923213712918e-11
419,1.86104258823288e-05,7.03959681513909e-06,5.60125844938887e-24,8.02936060721743e-115,1.74546874381636e-13,1.03747171977198e-10
420,6.09448438667313e-06,3.93262548938454e-06,5.00657121801647e-23,1.60158550591117e-112,5.01254268680147e-14,3.23344486578317e-10
421,1.8899897694829e-06,2.07842804452549e-06,4.23362887903899e-22,3.02229530908717e-110,1.3618262219118e-14,9.53393646286417e-10
422,5.55035723402197e-07,1.03921402226275e-06,3.38690310323121e-21,5.39561886744294e-108,3.50028092062578e-15,2.65947949939339e-09
423,1.54354128740247e-07,4.91578186173067e-07,2.5633644636244e-20,9.11303907725601e-106,8.5114138869488e-16,7.01840847597584e-09
424,4.06488175706617e-08,2.19987400473097e-07,1.83542036869576e-19,1.45613888940464e-103,1.95802448703184e-16,1.75225874104613e-08
425,1.0136937895945e-08,9.31366500647063e-08,1.24330687472626e-18,2.20120235828351e-101,4.26139830033292e-17,4.13880942820246e-08
426,2.39389264066567e-09,3.73044824332209e-08,7.96780548754642e-18,3.14800010650156e-99,8.77412340288373e-18,9.24847708212529e-08
427,5.35685355302901e-10,1.41357555072822e-08,4.83077391048262e-17,4.25919091745432e-97,1.70912154327432e-18,1.95516142470498e-07
428,1.14966957439451e-10,5.06751019858401e-09,2.7708454403658e-16,5.45176437434191e-95,3.14963159982298e-19,3.91032284940996e-07
429,2.9032504314828e-11,1.71865156619607e-09,1.50357636603556e-15,6.60183471935004e-93,5.49116090648774e-20,7.39878166570022e-07
430,2.75256167293863e-11,5.5144048223577e-10,7.71891538853422e-15,7.56327371256446e-91,9.0570378192968e-21,1.32441901702478e-06
431,8.1600389266466e-11,1.67389053144752e-10,3.74890703113458e-14,8.1973331996526e-89,1.41327212404817e-21,2.24289118853904e-06
432,2.66398015425512e-10,4.8069882497972e-11,1.72254533588045e-13,8.40529497959283e-87,2.08633000887979e-22,3.59342513969963e-06
433,8.29881345901488e-10,1.30598042870194e-11,7.48780027513177e-13,8.15362870206476e-85,2.91378710586934e-23,5.44661401475767e-06
434,2.44687754148013e-09,3.35674134022669e-12,3.07932439764081e-12,7.48284074732677e-83,3.84990692157382e-24,7.81020075037832e-06
435,6.82552531610461e-09,8.16237767938715e-13,1.19804804402108e-11,6.49680264923202e-81,4.81238365196725e-25,1.05953521361983e-05
436,1.8012668125282e-08,1.87772978507704e-13,4.40971605985392e-11,5.33642545368296e-79,5.69099044115111e-26,1.35983493253953e-05
437,4.49715276240515e-08,4.08664680529182e-14,1.53555231995272e-10,4.1468547115633e-77,6.36697390405205e-27,1.65110461871118e-05
438,1.06222088175937e-07,8.41431399895892e-15,5.05866838902977e-10,3.04863051877399e-75,6.73900663398833e-28,1.89662115944154e-05
439,2.37361145794135e-07,1.63903385753257e-15,1.5766140915921e-09,2.12035396333605e-73,6.7480190242058e-29,2.06112433496972e-05
440,5.01790026465204e-07,3.0204714528227e-16,4.6487072455632e-09,1.39517774535089e-71,6.39255264132257e-30,2.11907042723966e-05
441,1.00358005293038e-06,5.26597928527083e-17,1.2967509974933e-08,8.68496983382467e-70,5.72914650515115e-31,2.06112433496972e-05
442,1.89888916635213e-06,8.68562665610132e-18,3.42214639899011e-08,5.11475327176641e-68,4.85761558841867e-32,1.89662115944154e-05
443,3.39910682159734e-06,1.35531663639567e-18,8.54393978534599e-08,2.84969685878833e-66,3.89649352911356e-33,1.65110461871118e-05
444,5.75635553481408e-06,2.00077375187082e-19,2.01806603723788e-07,1.50207023029357e-64,2.95693906883008e-34,1.35983493253953e-05
445,9.22248604727172e-06,2.79429847394726e-20,4.50951845437252e-07,7.49030348548653e-63,2.12289440261973e-35,1.05953521361983e-05
446,1.39786748862607e-05,3.69202987210701e-21,9.53328472103246e-07,3.53367163418269e-61,1.4418895979927e-36,7.81020075037832e-06
447,2.00447942134606e-05,4.61503734224104e-22,1.90665694420649e-06,1.57714116183625e-59,9.26516645129891e-38,5.44661401475767e-06
448,2.71928545727787e-05,5.45761453962357e-23,3.60761476349801e-06,6.65936076623516e-58,5.63238124215897e-39,3.59342513969963e-06
449,3.49000137873661e-05,6.10592626279428e-24,6.45781131916122e-06,2.66018671380747e-56,3.2392797891537e-40,2.24289118853904e-06
450,4.23754182059365e-05,6.46957701808373e-25,1.09362429252429e-05,1.00533151585245e-54,1.76247302820091e-41,1.32441901702478e-06
451,4.86765731854707e-05,7.39093038953529e-26,1.75213895628293e-05,3.59438071091393e-53,9.0722309637667e-43,7.39878166570022e-07
452,5.28985290689521e-05,1.21739665032488e-25,2.65574604286628e-05,1.21578408194618e-51,4.41797564091632e-44,3.91032284940996e-07
453,5.43857091455575e-05,1.37610616836718e-24,3.80822097556537e-05,3.89050906222783e-50,2.03540171567029e-45,1.95516142470498e-07
454,5.28985290689521e-05,1.5491136413618e-23,5.16624905532898e-05,1.17780667135228e-48,8.87144891065581e-47,9.24847708212529e-08
455,4.86765731854707e-05,1.65124873053832e-22,6.6304978308691e-05,3.37333279861285e-47,3.65810844300875e-48,4.13880942820246e-08
456,4.23754182059365e-05,1.6660187753056e-21,8.05071654723371e-05,9.14033194964539e-46,1.42704016268835e-49,1.75225874104613e-08
457,3.49000137873661e-05,1.59108861766215e-20,9.24784485435477e-05,2.3430542707299e-44,5.26663737406299e-51,7.01840847597584e-09
458,2.71928545727787e-05,1.43835620228423e-19,0.000100499554064595,5.68224987900516e-43,1.83885818716594e-52,2.65947949939339e-09
459,2.00447942134606e-05,1.23085533601726e-18,0.00010332498110658,1.30369472552589e-41,6.07408211833872e-54,9.53393646286417e-10
460,1.39786748862607e-05,9.97073734426298e-18,0.000100499554064595,2.82975665011057e-40,1.89815066198083e-55,3.23344486578317e-10
461,9.22248604727172e-06,7.64607930321343e-17,9.24784485435477e-05,5.81085274968454e-39,5.61174983876324e-57,1.03747171977198e-10
462,5.75635553481408e-06,5.55077302067205e-16,8.05071654723371e-05,1.12888122922236e-37,1.56958024920907e-58,3.14923213712918e-11
463,3.39910682159734e-06,3.8149029997267e-15,6.6304978308691e-05,2.07479041759164e-36,4.15323349498318e-60,9.0437944385602e-12
464,1.89888916635213e-06,2.48222653638723e-14,5.16624905532898e-05,3.60759532677091e-35,1.03969695232101e-61,2.45705167647567e-12
465,1.00358005293038e-06,1.52911459062856e-13,3.80822097556537e-05,5.93442981829267e-34,2.46232171059895e-63,6.31532200348274e-13
466,5.01790026465191e-07,8.91851312478721e-13,2.65574604286628e-05,9.23544403653353e-33,5.51696740502617e-65,1.5356572977973e-13
467,2.37361145794016e-07,4.92506592486833e-12,1.75213895628293e-05,1.35973464807283e-31,1.16942841500724e-66,3.5327322025626e-14
468,1.06222088174917e-07,2.57520859572897e-11,1.09362429252429e-05,1.89394842210091e-30,2.34511673932218e-68,7.68855502228806e-15
469,4.4971527615735e-08,1.27499173772366e-10,6.45781131916122e-06,2.49574225217661e-29,4.44910741905337e-70,1.58305621303098e-15
470,1.80126680610776e-08,5.97738082835955e-10,3.60761476349801e-06,3.11135034057307e-28,7.98544120854987e-72,3.08365332201307e-16
471,6.825524846807e-09,2.65361091043065e-09,1.90665694420649e-06,3.669574425052e-27,1.3559464615599e-73,5.68266896180164e-17
472,2.44687429363533e-09,1.11557971710807e-08,9.53328472103246e-07,4.09449255003421e-26,2.17823016458603e-75,9.90733317804859e-18
473,8.29860063866539e-10,4.44135403112712e-08,4.50951845437252e-07,4.32217224829663e-25,3.31041616591766e-77,1.63410056288724e-18
474,2.66265974329881e-10,1.67454186782331e-07,2.01806603723788e-07,4.31639972413079e-24,4.75969386610373e-79,2.54987206578681e-19
475,8.08246959799509e-11,5.979389959306e-07,8.54393978534599e-08,4.07810911839589e-23,6.47430340039657e-81,3.764225246598e-20
476,2.32107988288263e-11,2.02214533814291e-06,3.42214639899011e-08,3.64513509251105e-22,8.33152831817389e-83,5.25715056603831e-21
477,6.30599606859113e-12,6.47704259937832e-06,1.2967509974933e-08,3.08237884245403e-21,1.01431746249368e-84,6.94612873781253e-22
478,1.62082043723933e-12,1.96500730445328e-05,4.6487072455632e-09,2.46590307396323e-20,1.16826329024632e-86,8.68266092226561e-23
479,3.94124754286948e-13,5.64661976476977e-05,1.5766140915921e-09,1.86630916736564e-19,1.27299048804747e-88,1.02678721992937e-23
480,9.06671829251031e-14,0.000153696349294319,5.05866838902977e-10,1.33631479591597e-18,1.31228204634156e-90,1.14875038043151e-24
481,1.97325917919803e-14,0.00039628036371879,1.53555231995272e-10,9.05214631426024e-18,1.27981388064322e-92,1.21587374963133e-25
482,4.0628963368207e-15,0.000967873353887538,4.40971605985392e-11,5.80112139191026e-17,1.18082093830884e-94,1.21749979472699e-26
483,7.91416229120772e-16,0.00223936067795735,1.19804804402108e-11,3.51714231922249e-16,1.03071566151472e-96,1.1533653803692e-27
484,1.45845073082169e-16,0.00490830064831622,3.07932439764081e-12,2.01736987466706e-15,8.5116019446113e-99,1.03367146253761e-28
485,2.54270614937209e-17,0.0101918111567889,7.48780027513177e-13,1.09470908081436e-14,6.64968901922712e-101,8.76426987023563e-30
486,4.19390109858421e-18,0.0200491321394747,1.72254533588045e-13,5.61991193845773e-14,4.9148352695213e-103,7.03018182793157e-31
487,6.54421857554335e-19,0.0373657766807905,3.74890703113458e-14,2.72946733057041e-13,3.43664123883024e-105,5.33500675740101e-32
488,9.66084264063446e-20,0.0659775488240151,7.71891538853422e-15,1.25413385305776e-12,2.27340614004008e-107,3.83019592882786e-33
489,1.34924190316506e-20,0.110375018712723,1.50357636603556e-15,5.45164392156798e-12,1.42277904555723e-109,2.60150465385167e-34
490,1.78271629090856e-21,0.174946697923123,2.7708454403658e-16,2.2419641975078e-11,8.423944413418e-112,1.67165181545935e-35
491,2.22839536363569e-22,0.26272903851969,4.83077391048262e-17,8.72263027450873e-11,4.71857785180256e-114,1.01621275541081e-36
492,2.63523809211928e-23,0.373838371445983,7.96780548754642e-18,3.21058266382783e-10,2.50048559888841e-116,5.84441517460317e-38
493,2.94825520038892e-24,0.504009011325243,1.24330687472626e-18,1.11798981860164e-09,1.25358905238136e-118,3.17991182649195e-39
494,3.12052658822222e-25,0.643836392129547,1.83542036869576e-19,3.68306548798765e-09,5.9457086505276e-121,1.63684176000109e-40
495,3.1246998150529e-26,0.779289265193769,2.5633644636244e-20,1.147885669124e-08,2.66790068209107e-123,7.97105701188733e-42
496,2.9600995469048e-27,0.893737434321149,3.38690310323121e-21,3.38458501391821e-08,1.13253932850993e-125,3.67233874434313e-43
497,2.65290642495835e-28,0.971203798029969,4.23362887903899e-22,9.44125702277385e-08,4.5483568080967e-128,1.60061600136429e-44
498,2.24934021025768e-29,1,5.00657121801647e-23,2.49156266583805e-07,1.72811787187178e-130,6.60007961221837e-46
499,1.80428842392141e-30,0.975613539355233,5.60125844938887e-24,6.22058758053675e-07,6.2116903301586e-133,2.5747128140984e-47
500,1.36922360893662e-31,0.901865494316644,5.92854916918883e-25,1.46929365647872e-06,2.11234004528936e-135,9.50224043355875e-49
501,9.83015567005371e-33,0.789930293672238,5.93647769655765e-26,3.28324580886954e-06,6.79571986998012e-138,3.31772844352654e-50
502,6.67673304419107e-34,0.655563426724345,5.62376099461998e-27,6.9409001031453e-06,2.06835320936846e-140,1.09590588077849e-51
503,4.29027597476511e-35,0.515483227427033,5.04013849488871e-28,1.38818002062906e-05,5.955682552846e-143,3.42470587743276e-53
504,2.60809884538713e-36,0.384045111076089,4.27342105818858e-29,2.62659664709563e-05,1.62239267956561e-145,1.01249036972856e-54
505,1.49996271820891e-37,0.271088468079957,3.42788703579363e-30,4.70173970073189e-05,4.18117182630256e-148,2.83188832806306e-56
506,8.16120868287456e-39,0.181298337026487,2.60132681446548e-31,7.96235210308703e-05,1.01943057050386e-150,7.49340052163001e-58
507,4.20093635078858e-40,0.114874781986795,1.86758739536635e-32,0.000127568008490908,2.35144535664451e-153,1.87585544956002e-59
508,2.04576300371414e-41,0.0689612646102493,1.2684827070993e-33,0.000193356943826408,5.13132744698966e-156,4.4426018457452e-61
509,9.42501694452744e-43,0.0392254814715138,8.15090381276801e-35,0.00027726520434018,1.05935657880777e-158,9.95389411179886e-63
510,4.10796334019524e-44,0.0211481203989472,4.95501057460662e-36,0.000376139176058551,2.06905581798378e-161,2.10992122297225e-64
511,1.69390316392272e-45,0.0108233748184948,2.84971221216795e-37,0.000482746759641517,3.82313687130019e-164,4.23113678028141e-66
512,6.6079720825182e-47,0.00528902192719951,1.55051160720913e-38,0.000586148646015015,6.68320966680249e-167,8.02722599030216e-68
513,2.43873954262039e-48,0.00252254622465119,7.98117144916606e-40,0.000673307985461187,1.10526883923848e-169,1.44075957660155e-69
514,8.51491351274335e-50,0.00126392253676419,3.88665381086733e-41,0.000731707261017861,1.72929213623505e-172,2.44644321939248e-71
515,2.81263037399675e-51,0.000790897903148136,1.79061689738404e-42,0.000752278352117102,2.5596843156521e-175,3.9300345312286e-73
516,8.78946991873976e-53,0.000719188645933171,7.80453617651993e-44,0.000731707261017861,3.58444605243464e-178,5.9727617660948e-75
517,2.59854538352764e-54,0.000854747411462032,3.2181710077598e-45,0.000673307985461187,4.74870608030831e-181,8.58759627700761e-77
518,7.2680102068792e-56,0.00109800361494802,1.25541911893001e-46,0.000586148646015015,5.95176988611548e-184,1.16811512129826e-78
519,1.9231729915244e-57,0.00138888078168445,4.63325239523337e-48,0.000482746759641517,7.05723491095469e-187,1.50320175161816e-80
520,4.81436235282529e-59,0.00168001495037698,1.61771040894891e-49,0.000376139176058551,7.91663489554818e-190,1.83006493897578e-82
521,1.1401888711502e-60,0.00192794742009946,5.34359089582166e-51,0.00027726520434018,8.40164368640869e-193,2.10781906654357e-84
522,2.55465596174235e-62,0.00209463945307607,1.66987215494425e-52,0.000193356943826408,8.43539652405741e-196,2.29677132255805e-86
523,5.41508958256204e-64,0.00215338745653072,4.93686037887242e-54,0.000127568008490908,8.0124317993244e-199,2.36766244480587e-88
524,1.08591659498172e-65,0.0020944676604618,1.38081681586321e-55,7.96235210308703e-05,7.20013749337162e-202,2.30908231198306e-90
525,2.06017871016639e-67,0.00192729486559301,3.65375051995724e-57,4.70173970073189e-05,6.1211755377581e-205,2.1304759883506e-92
526,3.69769358651272e-69,0.00167780573366204,9.14659793962115e-59,2.62659664709563e-05,4.92318866017178e-208,1.85965110918425e-94
527,6.27876958031625e-71,0.00138182532570907,2.16936295011939e-60,1.38818002062906e-05,3.74606857714027e-211,1.53569122777952e-96
528,1.008639034361e-72,0.0010766692671058,2.12144965304332e-61,6.9409001031453e-06,2.69663749469708e-214,1.19975877170266e-98
529,1.53290272956936e-74,0.000793650163152466,7.99855610449208e-60,3.28324580886954e-06,1.836483430748e-217,8.86750750152697e-101
530,2.20399712712327e-76,0.000553469266331494,3.70132222689657e-58,1.46929365647872e-06,1.18322969476338e-220,6.20050119570993e-103
531,2.99795459456288e-78,0.000365153537158497,1.62184972135795e-56,6.22058758053675e-07,7.21221569502201e-224,4.10175415762946e-105
532,3.85795074102802e-80,0.000227916157657818,6.72842615196358e-55,2.49156266583805e-07,4.15897158616598e-227,2.56702476637086e-107
533,4.69684151169379e-82,0.000134583654795333,2.64278475470705e-53,9.44125702277385e-08,2.26892844767142e-230,1.51987576759019e-109
534,5.40969442123853e-84,7.51842932470092e-05,9.82769288006315e-52,3.38458501391821e-08,1.17104409273997e-233,8.51341341120343e-112
535,5.8946383054013e-86,3.97355771642276e-05,3.46002075629734e-50,1.147885669124e-08,5.71798873408273e-237,4.51145838866798e-114
536,6.0765795899387e-88,1.98677885820818e-05,1.15329093950859e-48,3.68306548798765e-09,2.64138035437954e-240,2.26176661398186e-116
537,5.92623432418179e-90,9.39803665579902e-06,3.63938231040823e-47,1.11798981860164e-09,1.15434650343097e-243,1.07274431734072e-118
538,5.46784316153952e-92,4.20573921221964e-06,1.08727795815063e-45,3.21058266382783e-10,4.77264399717896e-247,4.8135141900851e-121
539,4.77277409170647e-94,1.78059498148307e-06,3.07519748689209e-44,8.72263027450873e-11,1.8668072961907e-250,2.04336471938647e-123
540,3.94133462379517e-96,7.13190501926664e-07,8.23417988706957e-43,2.2419641975078e-11,6.90808287431403e-254,8.20629500352453e-126
541,3.07916767483977e-98,2.70248664712027e-07,2.08726693577354e-41,5.45164392156798e-12,2.41842814730214e-257,3.11792712308717e-128
542,2.27583603463479e-100,9.68811227582703e-08,5.00888850333316e-40,1.25413385305776e-12,8.00988791565244e-261,1.12073360711455e-130
543,1.5913518033746e-102,3.28573375954646e-08,1.13790485628618e-38,2.72946733057041e-13,2.5097894500797e-264,3.8111534100722e-133
544,1.05271068736494e-104,1.05424894987466e-08,2.44718798674802e-37,5.61991193845773e-14,7.43987673631577e-268,1.22610613826725e-135
545,6.58824079269259e-107,3.20015920454166e-09,4.98220056623522e-36,1.09470908081436e-14,2.08646830282912e-271,3.73179091344574e-138
546,3.90074441939219e-109,9.19004403496407e-10,9.60203798173624e-35,2.01736987466706e-15,5.53573692441367e-275,1.07454384161321e-140
547,2.18495817631093e-111,2.49678531023628e-10,1.75182203703222e-33,3.51714231922249e-16,1.38949406072261e-278,2.92717425255063e-143
548,1.15786082706082e-113,6.41744874911418e-11,3.02549968771677e-32,5.80112139191026e-17,3.29955632949713e-282,7.54380777822539e-146
549,5.80479910634128e-116,1.56049081889768e-11,4.94630878771674e-31,9.05214631426024e-18,7.41262447984403e-286,1.83929017667958e-148
550,2.75318647650798e-118,3.58986095115786e-12,7.65489048874332e-30,1.33631479591597e-18,1.57545517979289e-289,4.24255507987898e-151
551,1.23538311584571e-120,7.81288868296308e-13,1.12141741626044e-28,1.86630916736564e-19,3.16779964400622e-293,9.25810981115628e-154
552,5.24427304908436e-123,1.60865623454997e-13,1.55511801493541e-27,2.46590307396323e-20,6.02596991716428e-297,1.91132599450985e-156
553,2.10613657520431e-125,3.13351989702842e-14,2.04138358618249e-26,3.08237884245403e-21,1.08446068764641e-300,3.73305858302678e-159
554,8.00212562421296e-128,5.77456490744772e-15,2.5365817491624e-25,3.64513509251105e-22,1.84636801208572e-304,6.89782933231877e-162
555,2.87635046021478e-130,1.006754728824e-15,2.98355581192092e-24,4.07810911839589e-23,2.97399560320441e-308,1.20580667722808e-164
556,9.78128325537926e-133,1.66052603611412e-16,3.32184166599166e-23,4.31639972413079e-24,4.53189644008706e-312,1.99416240538736e-167
557,3.14678790096881e-135,2.59110672265968e-17,3.50091751931763e-22,4.32217224829663e-25,6.53336911221154e-316,3.12004576948709e-170
558,9.57760028179287e-138,3.82509753055229e-18,3.49254560706758e-21,4.09449255003421e-26,8.91047392274688e-320,4.61826666121339e-173
559,2.75780493573548e-140,5.34216534094731e-19,3.29806308324774e-20,3.669574425052e-27,0,6.46717550349938e-176
560,7.51256048270918e-143,7.05845642630388e-20,2.94803239060732e-19,3.11135034057307e-28,0,8.56777175235461e-179
561,1.93610995841697e-145,8.8230705328798e-21,2.49437684814801e-18,2.49574225217661e-29,0,1.07383790540821e-181
562,4.72051798266466e-148,1.04339166815378e-21,1.99778550681105e-17,1.89394842210091e-30,0,1.27328954239852e-184
563,1.08884708899866e-150,1.16732712724373e-22,1.51458420778188e-16,1.35973464807283e-31,0,1.42834531522277e-187
564,2.37608368723761e-153,1.23553596623407e-23,1.08691832270446e-15,9.23544403653353e-33,0,1.51585219704916e-190
565,4.90539711580809e-156,1.23718830653587e-24,7.38347487278748e-15,5.93442981829267e-34,0,1.52194199507157e-193
566,9.58085374181196e-159,1.17201675756836e-25,4.74773991144172e-14,3.60759532677091e-35,0,1.44562930779372e-196
567,1.77032030167989e-161,1.05038723767351e-26,2.8898640650261e-13,2.07479041759164e-36,0,1.29907249649727e-199
568,3.09468955776622e-164,8.90599920077321e-28,1.66507866190278e-12,1.12888122922236e-37,0,1.10440263045724e-202
569,5.11799585206219e-167,7.14386876121668e-29,9.08158640637724e-12,5.81085274968454e-39,0,8.88257896378242e-206
570,8.00756310686608e-170,5.42128056541185e-30,4.68879646794125e-11,2.82975665011057e-40,0,6.75878018028898e-209
571,1.1852730525835e-172,3.89213504216622e-31,2.29159094889531e-10,1.30369472552589e-41,0,4.86536209288949e-212
572,1.65979347078498e-175,2.64357427498839e-32,1.06021146272595e-09,5.68224987900516e-43,0,3.3134438298629e-215
573,2.19890918470348e-178,1.69868453994238e-33,4.64335029526405e-09,2.3430542707299e-44,0,2.13482194599894e-218
574,2.75599315823969e-181,1.03264620116734e-34,1.92512114415896e-08,9.14033194964539e-46,0,1.30125168537881e-221
575,3.26788358804906e-184,5.93892676111801e-36,7.55573403513768e-08,3.37333279861285e-47,0,7.5037533745371e-225
576,3.66583252140018e-187,3.23133502329102e-37,2.80731891532868e-07,1.17780667135228e-48,0,4.09367535773257e-228
577,3.89041796990953e-190,1.66331156185289e-38,9.87433845691203e-07,3.89050906222783e-50,0,2.11283628189677e-231
578,3.90604736946815e-193,8.09995908709708e-40,3.28798821499487e-06,1.21578408194618e-51,0,1.03165834077006e-234
579,3.71019169798792e-196,3.73172510732022e-41,1.03648594019625e-05,3.59438071091393e-53,0,4.76566534225427e-238
580,3.3340552558003e-199,1.62649998687363e-42,3.09323219355051e-05,1.00533151585245e-54,0,2.08270994188021e-241
581,2.83443718847402e-202,6.70681124859931e-44,8.73942087264583e-05,2.66018671380747e-56,0,8.61096132957967e-245
582,2.27970410882471e-205,2.61634917729484e-45,0.000233764699325,6.65936076623516e-58,0,3.36815514561258e-248
583,1.73463348994386e-208,9.65590368163251e-47,0.00059197921879064,1.57714116183625e-59,0,1.24637904120673e-251
584,1.24868982300126e-211,3.37138030936005e-48,0.00141928736564838,3.53367163418269e-61,0,4.36340763465597e-255
585,8.50391709896131e-215,1.11362806518343e-49,0.00322162940685736,7.49030348548653e-63,0,1.44517033193172e-258
586,5.47899701398272e-218,3.48008770369819e-51,0.0069235227944819,1.50207023029357e-64,0,4.52824470310328e-262
587,3.33964812006576e-221,1.02886361979982e-52,0.0140873655013511,2.84969685878833e-66,0,1.342327039501e-265
588,1.92583003982159e-224,2.87768354464541e-54,0.0271386477717714,5.11475327176641e-68,0,3.76447476109155e-269
589,1.05063727226844e-227,7.6145782871604e-56,0.0495001894938841,8.68496983382467e-70,0,9.98775869623383e-273
590,5.42257104918881e-231,1.90619040512252e-57,0.0854850183534564,1.39517774535089e-71,0,2.5069709015873e-276
591,2.64773977011212e-234,4.51444433744903e-59,0.13977891353894,2.12035396333605e-73,0,5.95316809191377e-280
592,1.22310276174503e-237,1.01148611711883e-60,0.21640413669207,3.04863051877399e-75,0,1.3374100977228e-283
593,5.34525212931245e-241,2.14404131818228e-62,0.317223352904798,4.1468547115633e-77,0,2.84248807111976e-287
594,2.20999374213436e-244,4.29955961437496e-64,0.440294813354899,5.33642545368296e-79,0,5.71544834488331e-291
595,8.64433308830665e-248,8.15703638894622e-66,0.57863354271253,6.49680264923202e-81,0,1.0872253191435e-294
596,3.19881808310101e-251,1.46405848150529e-67,0.720025196540848,7.48284074732677e-83,0,1.95661965365367e-298
597,1.11986376408936e-254,2.48600530098244e-69,0.84835553671631,8.15362870206476e-85,0,3.3312779167356e-302
598,3.70901374149273e-258,3.99358816106287e-71,0.946446121221534,8.40529497959283e-87,0,5.36578071791446e-306
599,1.16216901617416e-261,6.06934887935153e-73,0.999776602421221,8.1973331996526e-89,0,8.17659666611342e-310
600,3.4450675640646e-265,8.72646857205192e-75,1,7.56327371256446e-91,0,1.17877205293634e-313
601,9.66148301683429e-269,1.18700502046655e-76,0.947081748954331,6.60183471935004e-93,0,1.60768911750177e-317
602,2.56334727004311e-272,1.52751042548081e-78,0.84930845188969,5.45176437434191e-95,0,2.03060980440752e-321
603,6.43411321008839e-276,1.85965940405748e-80,0.721163288485769,4.25919091745478e-97,0,0
604,1.52787403466897e-279,2.14190516722494e-82,0.579817398401488,3.14800011527905e-99,0,0
605,3.43244828714029e-283,2.33391302024237e-84,0.441404994777983,2.20135917930953e-101,0,0
606,7.29521433070109e-287,2.40595054161368e-86,0.318177995561636,4.10692529507124e-103,0,0
607,1.46686352339024e-290,2.34642309393969e-88,0.217164141715356,4.23927689985337e-101,0,0
608,2.79035180815805e-294,2.16492848011843e-90,0.140342435841333,6.4139937371906e-99,0,0
609,5.02164279318951e-298,1.88972402006451e-92,0.0858757130691468,9.18151061584264e-97,0,0
610,8.54968808651641e-302,1.56052529757063e-94,0.0497541600097687,1.24348485071027e-94,0,0
611,1.37712171201157e-305,1.21916038872697e-96,0.0272937443302087,1.59334159167507e-92,0,0
612,2.09851452961427e-309,9.01090631515736e-99,0.0141764753112278,1.93161549630159e-90,0,0
613,3.02530549242597e-313,6.30077114363222e-101,0.00697174320871251,2.21552825732103e-88,0,0
614,4.12613835248165e-317,4.16808471104668e-103,0.00324622663841751,2.40425339875231e-86,0,0
615,5.25191781529245e-321,2.60853680411021e-105,0.00143112265479097,2.4684884820265e-84,0,0
616,0,1.54445408138361e-107,0.000597353696736685,2.39790275509336e-82,0,0
617,0,8.65108607546691e-110,0.000236069005498149,2.20385687206598e-80,0,0
618,0,4.58441437777388e-112,8.83273276081975e-05,1.91640996287064e-78,0,0
619,0,2.2983422412478e-114,3.12893032305095e-05,1.57669838448079e-76,0,0
620,0,1.09009194996566e-116,1.04939107635716e-05,1.22734328673361e-74,0,0
621,0,4.89135480359824e-119,3.33208103839632e-06,9.03946799570606e-73,0,0
622,0,2.07640851174004e-121,1.0016744019472e-06,6.29914144643041e-71,0,0
623,0,8.33900117463335e-124,2.85079935621662e-07,4.15321022301225e-69,0,0
624,0,3.16834794882199e-126,7.68125430559824e-08,2.59091432609131e-67,0,0
625,0,1.13885728726122e-128,1.95938405129479e-08,1.52929554361435e-65,0,0
626,0,3.87278458179364e-131,4.73179182914225e-09,8.54086405783203e-64,0,0
627,0,1.24593382553814e-133,1.08180064797889e-09,4.51322656333106e-62,0,6.09677006968098e-320
628,0,3.79213869320377e-136,2.34143188488224e-10,2.25657863714228e-60,0,4.71757055268669e-316
629,0,1.09192057482203e-138,4.79762045250774e-11,1.06756676164236e-58,0,3.45894398597445e-312
630,0,2.97451036306792e-141,9.30631959930457e-12,4.77885917568871e-57,0,2.39930950111036e-308
631,0,7.66580069285974e-144,1.70897489561673e-12,2.0241448554273e-55,0,1.57451433439538e-304
632,0,1.86903382552482e-146,2.97096316164565e-13,8.11242760121039e-54,0,9.77517551964673e-301
633,0,4.31116256232108e-149,4.88946381710377e-14,3.07649255631553e-52,0,5.74143047134217e-297
634,0,9.40782515824238e-152,7.61774492638062e-15,1.10397891732174e-50,0,3.19031272372678e-293
635,0,1.94223455365417e-154,1.12354892664329e-15,3.74860643918164e-49,2.81617418129511e-321,1.67711947610353e-289
636,0,3.79342686260552e-157,1.56876322380584e-16,1.20444659709857e-47,2.22662392654164e-317,8.34088914290457e-286
637,0,7.0093759583249e-160,2.07358794179062e-17,3.6620019510032e-46,1.72569149993442e-313,3.92444544518795e-282
638,0,1.22530609653529e-162,2.59470083856609e-18,1.053580714368e-44,1.26530741715064e-309,1.74687505668823e-278
639,0,2.02641053408301e-165,3.07363540061127e-19,2.86840446537766e-43,8.77701801192418e-306,7.3563602912113e-275
640,0,3.17050085641427e-168,3.44681837489632e-20,7.38995252332094e-42,5.75991391391564e-302,2.93077001510686e-271
641,0,4.69294987519801e-171,3.65920317247412e-21,1.80167795306594e-40,3.5760459413966e-298,1.10463319028662e-267
642,0,6.57175791231963e-174,3.67754595756225e-22,4.15673896912819e-39,2.10043046358575e-294,3.93887353257757e-264
643,0,8.7063234597574e-177,3.49892662070677e-23,9.07558178002015e-38,1.16716345010379e-290,1.32875094408577e-260
644,0,1.09120322273558e-179,3.15150980700519e-24,1.87520451015364e-36,6.13582879087464e-287,4.24065298768644e-257
645,0,1.29388024500086e-182,2.68727320540991e-25,3.66675430822865e-35,3.05163792171048e-283,1.28038178016457e-253
646,0,1.45144346581606e-185,2.16928587849704e-26,6.7854837601023e-34,1.43585645440386e-279,3.65732736695344e-250
647,0,1.54036544461715e-188,1.65781579622326e-27,1.18837290393713e-32,6.39156684048201e-276,9.88338666082461e-247
648,0,1.54655372237712e-191,1.19942526739401e-28,1.96972203431365e-31,2.69167098452851e-272,2.52676781984061e-243
649,0,1.46900696241101e-194,8.21543673893796e-30,3.08990443744822e-30,1.07239549324725e-268,6.11142502884971e-240
650,0,1.32008014208262e-197,5.32735857813905e-31,4.58755150712485e-29,4.042093921008e-265,1.39841875558923e-236
651,0,1.12226221805281e-200,3.2705472016334e-32,6.44645313935715e-28,1.44137265981109e-261,3.02725909077471e-233
652,0,9.02622150202276e-204,1.90090164726668e-33,8.57379553194996e-27,4.86255658148574e-258,6.19982661790568e-230
653,0,6.86807820561065e-207,1.04600365664585e-34,1.07931085891763e-25,1.55192816773464e-254,1.20123256427376e-226
654,0,4.94404115257819e-210,5.44935040502781e-36,1.28602700906157e-24,4.68594490615833e-251,2.20187291861015e-223
655,0,3.36702640807345e-213,2.68780593421683e-37,1.45041741540955e-23,1.33857100380757e-247,3.81834357197031e-220
656,0,2.16934471739955e-216,1.2551521518991e-38,1.54840587727158e-22,3.61746536249547e-244,6.26434051644144e-217
657,0,1.32229457120504e-219,5.54937073618966e-40,1.5647151179997e-21,9.24881617608279e-241,9.72284385180912e-214
658,0,7.62509855879529e-223,2.32296960771018e-41,1.4967677962123e-20,2.23710712138587e-237,1.42767339181462e-210
659,0,4.15987526673583e-226,9.2065973916016e-43,1.35535333518974e-19,5.11925014344346e-234,1.98327081115394e-207
660,0,2.14700351729715e-229,3.45472813607231e-44,1.16182325552176e-18,1.10826836432049e-230,2.60647026781783e-204
661,0,1.0483415611804e-232,1.2274132010582e-45,9.42817746885849e-18,2.26987852806843e-227,3.24071717428429e-201
662,0,4.84273217936956e-236,4.12888479000011e-47,7.24313352871869e-17,4.39824560067061e-224,3.81194904280161e-198
663,0,2.11638999625292e-239,1.31505050619695e-48,5.26801973827477e-16,8.06260915305997e-221,4.24199978904089e-195
664,0,8.75021146708068e-243,3.96572095429394e-50,3.62745241789559e-15,1.39827020151411e-217,4.46592884304426e-192
665,0,3.42262247500821e-246,1.13233251676346e-51,2.36483532991434e-14,2.29417246623344e-214,4.44805917079351e-189
666,0,1.26653456696321e-249,3.06125594519879e-53,1.45967606184937e-13,3.56107069537585e-211,4.19128229705004e-186
667,0,4.4339694557864e-253,7.83610984296355e-55,8.53061072902901e-13,5.2294355087254e-208,3.73629252058109e-183
668,0,1.46854056432872e-256,1.89923016652094e-56,4.72045173792168e-12,7.2652210024125e-205,3.15102920482277e-180
669,0,4.60147214814815e-260,4.35844431162799e-58,2.47331023465908e-11,9.54910734631035e-202,2.5140944341746e-177
670,0,1.3640341657634e-263,9.47027115440127e-60,1.22709178844369e-10,1.18739927962623e-198,1.89770344123719e-174
671,0,3.82535108001083e-267,1.94836404670973e-61,5.76488641267977e-10,1.39685390575978e-195,1.35516664590181e-171
672,0,1.0149273388792e-270,3.79536819065653e-63,2.56467008863532e-09,1.55462461353655e-192,9.15534392157656e-169
673,0,2.54751179236542e-274,7.00023667168511e-65,1.08046584538551e-08,1.63689414774059e-189,5.85159449753872e-166
674,0,6.04943835067315e-278,1.22248905343338e-66,4.31063258504581e-08,1.6305582622215e-186,3.53827336153834e-163
675,0,1.35903771081675e-281,2.02138330213749e-68,1.62866933312529e-07,1.5366426745174e-183,2.02407286672909e-160
676,0,2.88845469895593e-285,3.16461844449151e-70,5.82771274444028e-07,1.37003128935323e-180,1.09541454619821e-157
677,0,5.8078743746195e-289,4.69094270358471e-72,1.97491235814961e-06,1.15560471171541e-177,5.60852247653524e-155
678,0,1.10480712788595e-292,6.58357318190854e-74,6.33859394342351e-06,9.2216694256857e-175,2.71666461478839e-152
679,0,1.98826066856249e-296,8.74827092685009e-76,1.92683323240309e-05,6.96195867053597e-172,1.24491926504364e-149
680,0,3.38514889469088e-300,1.10062061712692e-77,5.54768512581458e-05,4.97250474920412e-169,5.39714330596091e-147
681,0,5.45255217979563e-304,1.31100207939176e-79,0.000151288534813473,3.36001402213457e-166,2.21362633084936e-144
682,0,8.30882257753931e-308,1.47847681028915e-81,0.000390783725031899,2.14797561524592e-163,8.58938906043368e-142
683,0,1.19783428823143e-311,1.57857705380993e-83,0.000956120143527808,1.29909301670652e-160,3.15310067723728e-139
684,0,1.63369738526551e-315,1.59570126889488e-85,0.00221586299851764,7.43317025405723e-158,1.09504256604629e-136
685,0,2.10842514362752e-319,1.52709491821084e-87,0.00486447775139157,4.02375143994499e-155,3.59783932978592e-134
686,0,0,1.38357572137512e-89,0.0101158033860769,2.06068572189784e-152,1.11833039592994e-131
687,0,0,1.18674076977721e-91,0.0199270422617056,9.98426887607924e-150,3.28863817253857e-129
688,0,0,9.636474299744e-94,0.0371852360770421,4.57662174261638e-147,9.14912704596877e-127
689,0,0,7.40769333818048e-96,0.0657339710715135,1.98471609955338e-144,2.40802406855504e-124
690,0,0,5.39067716279676e-98,0.110079548015352,8.14285656173672e-142,5.99597190084627e-122
691,0,0,3.71357318673197e-100,0.174632904426073,3.16068063328109e-139,1.41245933994304e-119
692,0,0,2.42170760524981e-102,0.262453767944933,1.16067419204759e-136,3.14782022149173e-117
693,0,0,1.49494463093271e-104,0.373672251288745,4.0324258511349e-134,6.63684213348822e-115
694,0,0,8.73564061729183e-107,0.504015114739021,1.32540711233837e-131,1.32382523167046e-112
695,0,0,4.83195838072114e-109,0.644041244290663,4.12154047597013e-129,2.49814372879994e-110
696,0,0,2.5298973225455e-111,0.779656474906323,1.21254470295343e-126,4.45986578352211e-108
697,0,0,1.25379463315376e-113,0.894157069143443,3.37492749418582e-124,7.53258007339856e-106
698,0,0,5.88147508390667e-116,0.97150718662322,8.88710371093951e-122,1.20360317666198e-103
699,0,0,2.61140992717624e-118,1,2.21404177532552e-119,1.81945154420614e-101
700,0,0,1.09745173533259e-120,0.975158472132767,5.21845351933623e-117,2.60204775511949e-99
701,0,0,4.36526019549267e-123,0.90088713871581,1.16366774442105e-114,3.52052661704122e-97
702,0,0,1.64339515641062e-125,0.788467291823872,2.45498082163846e-112,4.50627406981307e-95
703,0,0,5.85563471746526e-128,0.653751273089958,4.90004362402937e-110,5.45688965374441e-93
704,0,0,1.97469091198868e-130,0.513515790209101,9.25305989885923e-108,6.25158790321752e-91
705,0,0,6.30246811666219e-133,0.382123397512491,1.65312342831561e-105,6.77568352239569e-89
706,0,0,1.90371492153182e-135,0.269375189551165,2.79422010675355e-103,6.9475788414354e-87
707,0,0,5.44209848607464e-138,0.179891499721875,4.46840334711768e-101,6.73955862214483e-85
708,0,0,1.47230492607234e-140,0.113803897957612,6.76054328150361e-99,6.18510429154225e-83
709,0,0,3.76955290020961e-143,0.0682010188267604,9.6771931596958e-97,5.37007311847756e-81
710,0,0,9.13348715226545e-146,0.0387172984135001,1.31056020001704e-94,4.41093818371869e-79
711,0,0,2.09426807064776e-148,0.0208205588779735,1.67921198788283e-92,3.42767268995472e-77
712,0,0,4.544343305828e-151,0.0106058397089684,2.03561837897171e-90,2.51991166746826e-75
713,0,0,9.3314197884491e-154,0.00511746375333973,2.33469878481648e-88,1.75262455009531e-73
714,0,0,1.81324610449408e-156,0.00233890603514398,2.53343900181617e-86,1.15321442104949e-71
715,0,0,3.33421106201701e-159,0.0010125345956829,2.60097794686693e-84,7.17875015719056e-70
716,0,0,5.80165350373694e-162,0.000415180051924633,2.52645236392506e-82,4.22771023460359e-68
717,0,0,9.5527427795044e-165,0.000161243658955726,2.32185702661798e-80,2.35547873675955e-66
718,0,0,1.48839219660443e-167,5.93113866580912e-05,2.01888474929186e-78,1.24156872253437e-64
719,0,0,2.19439734420536e-170,2.06629432798641e-05,1.66089106364771e-76,6.1912727796041e-63
720,0,0,3.06138174108729e-173,6.81764051089416e-06,1.29278501200854e-74,2.92083291994321e-61
721,0,0,4.04128945118687e-176,2.13035861946338e-06,9.5207044303964e-73,1.30362022897871e-59
722,0,0,5.04799316572234e-179,6.30429808253498e-07,6.63394176611365e-71,5.50443905529913e-58
723,0,0,5.96636929466252e-182,1.76674832757167e-07,4.37357241810605e-69,2.19883501673509e-56
724,0,0,6.67252902403584e-185,4.68872710258993e-08,2.72813275502719e-67,8.30978565906678e-55
725,0,0,7.06083931094665e-188,1.17832700062728e-08,1.61013291651234e-65,2.97101332384397e-53
726,0,0,7.06975552555312e-191,2.80411309496113e-09,8.99140743230744e-64,1.00493269825641e-51
727,0,0,6.69778980923084e-194,6.31876528138283e-10,4.75079348276728e-62,3.21578463442054e-50
728,0,0,6.00391673529689e-197,1.34823032910898e-10,2.37509015002892e-60,9.73541645957193e-49
729,0,0,5.09226442227081e-200,2.72382577009968e-11,1.12349879525915e-58,2.78830137831736e-47
730,0,0,4.08655750618198e-203,5.21034113060387e-12,5.02859821735537e-57,7.55513958894141e-46
731,0,0,3.1029303778339e-206,9.43654268666662e-13,2.12964141604831e-55,1.93670231861946e-44
732,0,0,2.22921360073465e-209,1.61810980868801e-13,8.53404298528527e-54,4.69678686196894e-43
733,0,0,1.51528448836055e-212,2.6268782286452e-14,3.23590460124274e-52,1.07759714712516e-41
734,0,0,9.74534520087115e-216,4.03735969421217e-15,1.16100224866353e-50,2.33899672485637e-40
735,0,0,5.93005412487225e-219,5.87447883067966e-16,3.94158587027178e-49,4.80308635359288e-39
736,0,0,3.41410123016151e-222,8.091791253244e-17,1.26623352942572e-47,9.33101260774405e-38
737,0,0,1.85972386251565e-225,1.05514623474921e-17,3.84916046292496e-46,1.71496301327558e-36
738,0,0,9.58457779843508e-229,1.30245501735052e-18,1.10721592625992e-44,2.98193615115087e-35
739,0,0,4.67356380163408e-232,1.52189460152666e-19,3.01382239993698e-43,4.90523165952598e-34
740,0,0,2.15611702875084e-235,1.68332544441905e-20,7.76295656221188e-42,7.63375654694624e-33
741,0,0,9.41117459576235e-239,1.76239567608782e-21,1.89219631101825e-40,1.12391816038026e-31
742,0,0,3.88652209265767e-242,1.74654980040807e-22,4.36455894008496e-39,1.56548414018845e-30
743,0,0,1.51852798051335e-245,1.63829240777723e-23,9.52698557110432e-38,2.06290988085448e-29
744,0,0,5.61341841811154e-249,1.45454005785076e-24,1.96796652431863e-36,2.57175409630959e-28
745,0,0,1.96324125221883e-252,1.22229202296064e-25,3.84709835506245e-35,3.03316631890518e-27
746,0,0,6.49621384256712e-256,9.72144370816437e-27,7.11719457151243e-34,3.38439160982433e-26
747,0,0,2.03369654054186e-259,7.31787180915346e-28,1.24609511724672e-32,3.57258520185328e-25
748,0,0,6.02351578666617e-263,5.21349657095782e-29,2.06474991618208e-31,3.56781379682185e-24
749,0,0,1.68791646311299e-266,3.51524777573834e-30,3.23791163994749e-30,3.37084952911487e-23
750,0,0,4.47494622208327e-270,2.24314790271779e-31,4.80564221552895e-29,3.01296545860551e-22
751,0,0,1.12243112518758e-273,1.35465226188188e-32,6.75048039939213e-28,2.54780707626743e-21
752,0,0,2.66357956799327e-277,7.74210020049101e-34,8.97476120289229e-27,2.03824566101396e-20
753,0,0,5.98005078082983e-281,4.18739712640399e-35,1.12933954468854e-25,1.542638314806e-19
754,0,0,1.2702127507222e-284,2.14327317594411e-36,1.34508053054308e-24,1.10455997370037e-18
755,0,0,2.55258187483353e-288,1.03813249811855e-37,1.51636280861126e-23,7.48224783963245e-18
756,0,0,4.85303887059552e-292,4.75843384548386e-39,1.61807362315472e-22,4.79504268879168e-17
757,0,0,8.72927210157831e-296,2.06398068205659e-40,1.63434310457552e-21,2.90717025621044e-16
758,0,0,1.48549706721657e-299,8.47173084946893e-42,1.56259967275651e-20,1.66750081830739e-15
759,0,0,2.39163246900543e-303,3.29047362786616e-43,1.41423550495451e-19,9.04855530455338e-15
760,0,0,3.64288413801423e-307,1.20937074457892e-44,1.21164519398035e-18,4.6452600853576e-14
761,0,0,5.24957306911969e-311,4.20601224743177e-46,9.82696344154551e-18,2.25610041293028e-13
762,0,0,7.15697962512593e-315,1.38416255707768e-47,7.54508263862114e-17,1.03663153321646e-12
763,0,0,9.23057905468743e-319,4.3102733322934e-49,5.48428826295854e-16,4.50617450696066e-12
764,0,0,0,1.2700462367442e-50,3.77397627218624e-15,1.85314412637252e-11
765,0,0,0,3.54101121422678e-52,2.45873565806728e-14,7.20987921113702e-11
766,0,0,0,9.34166624086891e-54,1.51659493437319e-13,2.65377672503412e-10
767,0,0,0,2.33188465775668e-55,8.8569434491093e-13,9.24098729136238e-10
768,0,0,0,5.50772216452916e-57,4.89740668039878e-12,3.04431764953995e-09
769,0,0,0,1.23088067409155e-58,2.56405940027919e-11,9.48809792702733e-09
770,0,0,0,2.60276965384278e-60,1.27110446162771e-10,2.79760214089198e-08
771,0,0,0,5.20748948193082e-62,5.96674259972538e-10,7.80387573395485e-08
772,0,0,0,9.85805253714715e-64,2.65220996017491e-09,2.05945515312841e-07
773,0,0,0,1.76571752193915e-65,1.11636095227653e-08,5.14176156348608e-07
774,0,0,0,2.99237583412174e-67,4.44978510340384e-08,1.2144765346595e-06
775,0,0,0,4.7981457043163e-69,1.67966443702257e-07,2.71383802333116e-06
776,0,0,0,7.27931969482516e-71,6.00435546516653e-07,5.73715149964494e-06
777,0,0,0,1.04487905589864e-72,2.03273967614761e-06,1.14743029992899e-05
778,0,0,0,1.41904783353349e-74,6.51747774123489e-06,2.17107041866492e-05
779,0,0,0,1.82339954034473e-76,1.97911241491546e-05,3.88632491091039e-05
780,0,0,0,2.21675938827274e-78,5.69200023492695e-05,6.58145480126218e-05
781,0,0,0,2.5497957366634e-80,0.000155050447737265,0.000105444103840175
782,0,0,0,2.77485723194656e-82,0.00040004109844408,0.000159823375031395
783,0,0,0,2.8570819696191e-84,0.000977617827903378,0.000229179567381871
784,0,0,0,2.78323598016644e-86,0.00226295327567621,0.000310905992872831
785,0,0,0,2.56519968833918e-88,0.00496172483580983,0.0003990248029605
786,0,0,0,2.23683920635482e-90,0.0103050138493018,0.00048449387450138
787,0,0,0,1.84539561750367e-92,0.0202736074247756,0.000556537316645875
788,0,0,0,1.44040325208007e-94,0.0377822030347963,0.000604808504295777
789,0,0,0,1.06369572576339e-96,0.066699725299197,0.000621811985745663
790,0,0,0,7.43170276261724e-99,0.11154433900727,0.000604808504295777
791,0,0,0,4.91242334482893e-101,0.176710921609013,0.000556537316645875
792,0,7.845762455959e-321,0,3.07212424938454e-103,0.265201940847877,0.00048449387450138
793,0,6.10843742990752e-317,0,1.81767548406119e-105,0.37704392751694,0.0003990248029605
794,0,4.47873328808073e-313,0,1.01748403837449e-107,0.507823801650009,0.000310905992872831
795,0,3.10669018392025e-309,0,5.38854715814435e-110,0.64795269395073,0.000229179567381871
796,0,2.03872331803968e-305,0,2.69990068369085e-112,0.783222895457094,0.000159823375031395
797,0,1.26571589946733e-301,0,1.27983841179467e-114,0.896894446006445,0.000105444103840175
798,0,7.4341579019817e-298,0,5.73975051933365e-117,0.972999485490434,6.5814548012622e-05
799,0,4.13090233579747e-294,0,2.43534630669215e-119,1,3.88632491091048e-05
800,0,2.17157920279192e-290,0,9.77591957745388e-122,0.973651788555367,2.17107041866546e-05
801,0,1.08000065908282e-286,0,3.71264204241545e-124,0.898096774610381,1.14743029993221e-05
802,0,5.08147704006244e-283,0,1.3339406767476e-126,0.784796950092057,5.73715149982954e-06
803,0,2.26190059624943e-279,0,4.53437442013012e-129,0.649687393012143,2.71383802433284e-06
804,0,9.52521227274366e-276,0,1.45822701962685e-131,0.509521099687058,1.21447653980186e-06
805,0,3.79483948738029e-272,0,4.43669226138674e-134,0.378553726892948,5.14176181323905e-07
806,0,1.43030863150744e-268,0,1.27708382094066e-136,0.266438454540283,2.05945630069168e-07
807,0,5.10015891392878e-265,0,3.47780306251732e-139,0.177650370967252,7.80392561783521e-08
808,0,1.72050229991406e-261,0,8.96015725453488e-142,0.11220969505129,2.79780728612051e-08
809,0,5.49091103259528e-258,0,2.18399149001471e-144,0.0671404639946167,9.49607934788573e-09
810,0,1.65787261137706e-254,0,5.03628776641248e-147,0.0380559063524706,3.07369526917331e-09
811,0,4.73560540023658e-251,0,1.09873778370259e-149,0.0204332343906307,1.02639754241672e-09
812,0,1.27972736776404e-247,0,2.26778129796551e-152,0.0103925589603359,6.02387207283179e-10
813,0,3.27172662772835e-244,0,4.42824403166857e-155,0.00500692084801549,1.1224423621444e-09
814,0,7.9132367617039e-241,0,8.18059486133159e-158,0.00228493494478977,3.1155098270224e-09
815,0,1.81071004761515e-237,0,1.42975772308603e-160,0.000987696283820079,8.64348815122898e-09
816,0,3.91977612606493e-234,0,5.45417578011337e-163,0.00040439950831469,2.27994467501515e-08
817,0,8.02770150617976e-231,0,1.7677050117641e-160,0.000156828933142691,5.69201292449591e-08
818,0,1.55538808740915e-227,0,9.56667995579705e-158,5.76050430527249e-05,1.34444023416829e-07
819,0,2.85104401050398e-224,0,4.89814013734043e-155,2.00402717434745e-05,3.00425061555375e-07
820,0,4.94409349372618e-221,0,2.37256854101223e-152,6.60305952972814e-06,6.35109402340117e-07
821,0,8.11123582937347e-218,0,1.08723626327082e-149,2.06051018941538e-06,1.27021880163595e-06
822,0,1.25893985499687e-214,0,4.71353451189815e-147,6.08949755441927e-07,2.4034004201025e-06
823,0,1.84858973389719e-211,0,1.93324570340406e-144,1.70433228374249e-07,4.30220726286277e-06
824,0,2.56799214866448e-208,0,7.50144650184832e-142,4.51733178305498e-08,7.28574766527058e-06
825,0,3.37492749141462e-205,0,2.75372507623295e-139,1.13384387201401e-08,1.16727859807327e-05
826,0,4.19616736796629e-202,0,9.56343130884819e-137,2.69498651284235e-09,1.76926350883267e-05
827,0,4.93581368614405e-199,0,3.14213258530313e-134,6.06569319745642e-10,2.5370446936135e-05
828,0,5.49265490704984e-196,0,9.76681295658498e-132,1.29274589206387e-10,3.44176581028423e-05
829,0,5.78260424190841e-193,0,2.87209522605893e-129,2.60881406302847e-11,4.41725137426536e-05
830,0,5.75946611181491e-190,0,7.99028738727119e-127,4.98492554231439e-12,5.36340402171999e-05
831,0,5.4269845404514e-187,0,2.10302078510305e-124,9.01878841878977e-13,6.16093337693423e-05
832,0,4.83785159545784e-184,0,5.2365147421222e-122,1.54489916267343e-13,6.69530108641483e-05
833,0,4.08003698369828e-181,0,1.23355550669209e-119,2.50554968713705e-14,6.88353162056847e-05
834,0,3.25531678863615e-178,0,2.74911344949187e-117,3.84720630910895e-15,6.69530108641483e-05
835,0,2.45719722701673e-175,0,5.79621156467456e-115,5.59263233073893e-16,6.16093337693423e-05
836,0,1.75470605790997e-172,0,1.15614790333779e-112,7.69669555230294e-17,5.36340402171999e-05
837,0,1.18545844454052e-169,0,2.18172577859391e-110,1.0027638564652e-17,4.41725137426536e-05
838,0,7.57680123275981e-167,0,3.89497371060123e-108,1.23676909322841e-18,3.44176581028423e-05
839,0,4.58145108633572e-164,0,6.57849423794002e-106,1.44398814363075e-19,2.5370446936135e-05
840,0,2.62082374270453e-161,0,1.05115332134328e-103,1.59592824303502e-20,1.76926350883267e-05
841,0,1.41837208431114e-158,0,1.5889975789359e-101,1.66965878547237e-21,1.16727859807326e-05
842,0,7.26206507167359e-156,0,2.27246919343736e-99,1.65347208433278e-22,7.28574766526948e-06
843,0,3.51761008234276e-153,0,3.07461239562647e-97,1.54992672275196e-23,4.30220726285536e-06
844,0,1.61195479728415e-150,0,3.93550386640215e-95,1.37518542864511e-24,2.4034004200551e-06
845,0,6.988365661904e-148,0,4.7657133139556e-93,1.15488316522684e-25,1.27021880134934e-06
846,0,2.86626264337074e-145,0,5.4597541079622e-91,9.17978883517454e-27,6.35109400702062e-07
847,0,1.11217709376686e-142,0,5.91746713288829e-89,6.90615956161084e-28,3.00425052706282e-07
848,0,4.08271918164458e-140,0,6.06758997988265e-87,4.91746745695421e-29,1.34443978242494e-07
849,0,1.41789043445061e-137,0,5.88591785683271e-85,3.31389933318316e-30,5.69199113848729e-08
850,0,4.65857869691069e-135,0,5.40169139212494e-83,2.11359751561672e-31,2.27984545709738e-08
851,0,1.4480441401192e-132,0,4.68989306757975e-81,1.27580096592351e-32,8.63922319375326e-09
852,0,4.25821675959807e-130,0,3.85224334062884e-79,7.28809433664963e-34,3.09821672249799e-09
853,0,1.18465346684105e-127,0,2.99351946088744e-77,3.94011132409566e-35,1.05635789856918e-09
854,0,3.11797403918151e-125,0,2.20073656343868e-75,2.01585705817316e-36,3.64644131963311e-10
855,0,7.76374496028971e-123,0,1.53063497390374e-73,9.76025691893728e-38,2.22424733965378e-10
856,0,1.82889017217528e-120,0,1.00714686734961e-71,4.47205187948255e-39,5.23390099617138e-10
857,0,4.07588190616022e-118,0,6.26948085310986e-70,1.93905675882859e-40,1.92999615181766e-09
858,0,8.59356089691399e-116,0,3.6922232683909e-68,7.95621652938752e-42,7.07650833128329e-09
859,0,1.71412435559201e-113,0,2.05713090951208e-66,3.08922516085089e-43,2.46351885229696e-08
860,0,3.23466338823444e-111,0,1.08431010458729e-64,1.13504785392671e-44,8.11557513050741e-08
861,0,5.77475363009978e-109,0,5.40707857191941e-63,3.9463480377633e-46,2.52934414733973e-07
862,0,9.75338636503161e-107,0,2.55087663809761e-61,1.29833983039976e-47,7.45786774806725e-07
863,0,1.55845761980293e-104,0,1.13850209108089e-59,4.04192780050155e-49,2.08036274811864e-06
864,0,2.35587457553428e-102,0,4.80724004996068e-58,1.19067021660555e-50,5.49011020605003e-06
865,0,3.36920110355935e-100,0,1.92032787528619e-56,3.31889097507782e-52,1.3706944584557e-05
866,0,4.55847212638902e-98,0,7.25725801040482e-55,8.75364677416626e-54,3.23756019971454e-05
867,0,5.83484432177835e-96,0,2.59470113046304e-53,2.184619208318e-55,7.23456877908564e-05
868,0,7.06572683273177e-94,0,8.77646689524613e-52,5.15880977169518e-57,0.000152941396482482
869,0,8.09472340431795e-92,0,2.80846940647879e-50,1.15267486636018e-58,0.000305882804396698
870,0,8.77333644477102e-90,0,8.50231666430129e-49,2.4369372613149e-60,0.000578765589008303
871,0,8.99591110638736e-88,0,2.43513170416588e-47,4.87482372594808e-62,0.00103601969207491
872,0,8.72656095667642e-86,0,6.59819633756104e-46,9.22672348193011e-64,0.00175449082761978
873,0,8.00863864381184e-84,0,1.69139722638154e-44,1.65236976177559e-65,0.00281094453976075
874,0,6.95331445834211e-82,0,4.10188607452195e-43,2.79985395334377e-67,0.0042606153516835
875,0,5.71140086383027e-80,0,9.41107370131817e-42,4.48879030233844e-69,0.00610960811137652
876,0,4.43824237541918e-78,0,2.04273652946193e-40,6.80905085411467e-71,0.00828859510073062
877,0,3.2628490980621e-76,0,4.19472154209482e-39,9.77248025704777e-73,0.0106387311441749
878,0,2.2693451942565e-74,0,8.14913510059703e-38,1.32703307700157e-74,0.0129205036353572
879,0,1.49321290986917e-72,0,1.49774369355273e-36,1.70496428653639e-76,0.0148509627918004
880,0,9.29523791567482e-71,0,2.60424045905965e-35,2.07254224888433e-78,0.0161657113392146
881,0,5.47415240935939e-69,0,4.28392899823413e-34,2.383659090868e-80,0.0166933597767633
882,0,3.04993693666334e-67,0,6.66685557519272e-33,2.59379537502306e-82,0.0164272733391739
883,0,1.60761642513185e-65,0,9.81561307006697e-32,2.67040027012999e-84,0.0155858031571616
884,0,8.01662576731654e-64,0,1.36719799795898e-30,2.60114433429869e-86,0.0146663627731208
885,0,3.78197267049513e-62,0,1.80161918391235e-29,2.39716767298644e-88,0.0145134291964746
886,0,1.68796237711466e-60,0,2.2460125666262e-28,2.09014667073011e-90,0.0164247407099564
887,0,7.12729507100739e-59,0,2.64898175090075e-27,1.7242415023228e-92,0.0223031692070187
888,0,2.84711045381586e-57,0,2.95572041547734e-26,1.3457397214265e-94,0.0348198194411479
889,0,1.07597329671544e-55,0,3.12007717620422e-25,9.93720906445156e-97,0.0574946613933399
890,0,3.84694760105391e-54,0,3.11591012318915e-24,6.94235725312514e-99,0.0945477646813135
891,0,1.30121376493065e-52,0,2.94389359132827e-23,4.5886774074975e-101,0.150363723797616
892,0,4.1638840477781e-51,0,2.63133955635547e-22,2.86949221738709e-103,0.228482140330038
893,0,1.26056778991335e-49,0,2.2250987055284e-21,1.69769045265099e-105,0.330194111467237
894,0,3.61036728184549e-48,0,1.78007896442273e-20,9.50269785812988e-108,0.453056578085678
895,0,9.78259702979102e-47,0,1.34724585285399e-19,5.03233303041547e-110,0.589842529128736
896,0,2.50769401765225e-45,0,9.64655052006453e-19,2.52130272552088e-112,0.728500637420843
897,0,6.08152538607121e-44,0,6.5345371466663e-18,1.19512395392383e-114,0.85350612019939
898,0,1.39530163892774e-42,0,4.18769669774787e-17,5.35960105200534e-117,0.948550130333383
899,0,3.02859558634269e-41,0,2.53894450411893e-16,2.27395982963472e-119,0.999979601311024
900,0,6.21916481401119e-40,0,1.45629311844091e-15,9.12773917491423e-122,1
901,0,1.20820449638111e-38,0,7.90245418603683e-15,3.46635546688662e-124,0.948606617349072
902,0,2.22058002798884e-37,0,4.05688574266562e-14,1.24540837457627e-126,0.853584695129905
903,0,3.86109077031127e-36,0,1.97033996612792e-13,4.23329641620493e-129,0.728577822313889
904,0,6.35142529108972e-35,0,9.05330511150423e-13,1.36136073855429e-131,0.589883380043985
905,0,9.88439237199686e-34,0,3.9354169143028e-12,4.14185482703471e-134,0.453009075142464
906,0,1.45527932714274e-32,0,1.61842261730034e-11,1.19218354819778e-136,0.329978666298925
907,0,2.02703078079571e-31,0,6.29666706288445e-11,3.24651560849519e-139,0.227976586341534
908,0,2.67111094846113e-30,0,2.31764610854507e-10,8.36406750611924e-142,0.149386846235021
909,0,3.32997606301489e-29,0,8.07051250125991e-10,2.03865058054003e-144,0.0928478153069636
910,0,3.9274249632152e-28,0,2.65872064031333e-09,4.70102850023376e-147,0.0547524062497064
911,0,4.38220087400875e-27,0,8.28632380057773e-09,1.02557496102809e-149,0.0306768212587197
912,0,4.62587897588032e-26,0,2.44325442073967e-08,2.11673262720662e-152,0.0164232590576267
913,0,4.61970083289052e-25,0,6.81542725721856e-08,4.1332180933474e-155,0.00858874386267787
914,0,4.36466622531483e-24,0,1.79860203623942e-07,7.63543939395634e-158,0.00473487050467121
915,0,3.90126834841803e-23,0,4.49049973430863e-07,1.33445161167257e-160,0.00330240942691083
916,0,3.29896882027915e-22,0,1.06064944647395e-06,2.20645165562016e-163,0.00340845586251918
917,0,2.63917505622333e-21,0,2.37009996909753e-06,3.45150504926869e-166,0.00462014115406635
918,0,1.99744939439001e-20,0,5.01047685054011e-06,5.10792906139992e-169,0.00675198060581038
919,0,1.43021382871117e-19,0,1.00209537010802e-05,7.15159972620089e-172,0.00970260506022821
920,0,9.68821484109792e-19,0,1.89607997527802e-05,9.47290763039266e-175,0.0133343392095029
921,0,6.20874966145624e-18,0,3.39407822871663e-05,1.18709354654765e-177,0.0173992577564561
922,0,3.76428188767401e-17,0,5.74783965991504e-05,1.40736877715346e-180,0.0215179225613473
923,0,2.15912470713643e-16,0,9.20884242554583e-05,1.5785269676579e-183,0.0252139513984754
924,0,1.17163116848019e-15,0,0.000139579950227836,1.67500858120519e-186,0.0279964242494953
925,0,6.01480713607744e-15,0,0.000200151402146994,1.68152304629677e-189,0.0294668760539863
926,0,2.92125922209922e-14,0,0.000271526258297331,1.59701574914959e-192,0.0294164120095587
927,0,1.34225826517812e-13,0,0.000348483831767149,1.43494746300136e-195,0.0278789162170411
928,0,5.83471540513124e-13,0,0.000423127285826056,1.21978440667207e-198,0.0251206259251546
929,0,2.39950063304742e-12,0,0.000486045617182751,9.80957708695024e-202,0.0215693709609047
930,0,9.33554464820993e-12,0,0.00052820271697049,7.46341319738254e-205,0.0177084196433532
931,0,3.43618115885596e-11,0,0.000543052516594662,5.37210575637612e-208,0.0139705247120736
932,0,1.19654777737184e-10,0,0.00052820271697049,3.65823301639786e-211,0.0106635066360049
933,0,3.9418640046997e-10,0,0.000486045617182751,2.35677327507279e-214,0.00794301734598458
934,0,1.22854432412028e-09,0,0.000423127285826056,1.43642767463108e-217,0.00582930869467481
935,0,3.62241015825646e-09,0,0.000348483831767149,8.28264673713248e-221,0.00425121122575543
936,0,1.01046672503031e-08,0,0.000271526258297331,4.51828718750819e-224,0.00309641910980951
937,0,2.66663767450055e-08,0,0.000200151402146994,2.33183464440715e-227,0.00225172447363855
938,0,6.65769054386199e-08,0,0.000139579950227836,1.13852037496782e-230,0.00162574244079479
939,0,1.57253673487396e-07,0,9.20884242554583e-05,5.25899695305406e-234,0.00115508890365646
940,0,3.51395013604151e-07,0,5.74783965991504e-05,2.29817982673553e-237,0.000799875614575483
941,0,7.428617374858e-07,0,3.39407822871663e-05,9.50132119486227e-241,0.00053524460465636
942,0,1.4857234749716e-06,0,1.89607997527802e-05,3.71623204587333e-244,0.000343782169879488
943,0,2.81116010883321e-06,0,1.00209537010802e-05,1.37511941695478e-247,0.000210910794024004
944,0,5.03211755159666e-06,0,5.01047685054011e-06,4.81389605234241e-251,0.00012318071414946
945,0,8.52184389614334e-06,0,2.37009996909753e-06,1.59430587293634e-254,6.8335511074466e-05
946,0,1.36531848934428e-05,0,1.06064944647395e-06,4.99534135898935e-258,3.59566301584648e-05
947,0,2.06943585286208e-05,0,4.49049973430863e-07,1.48073462245206e-261,1.79281142439971e-05
948,0,2.96747840164369e-05,0,1.79860203623942e-07,4.15248215852828e-265,8.46553790631331e-06
949,0,4.02569404127733e-05,0,6.81542725721856e-08,1.10168327326793e-268,3.78420424359837e-06
950,0,5.16667998823999e-05,0,2.44325442073967e-08,2.76518458750637e-272,1.60099753771794e-06
951,0,6.27335641102726e-05,0,8.28632380057773e-09,6.56613561499119e-276,6.4096914723509e-07
952,0,7.20619418965711e-05,0,2.65872064031336e-09,1.47507423548131e-279,2.42813283192516e-07
953,0,7.8312224520331e-05,0,8.07051250126267e-10,3.13499012278801e-283,8.70302830071462e-08
954,0,8.05138808255465e-05,0,2.31764610856838e-10,6.30342675071977e-287,2.95130729028818e-08
955,0,7.8312224520331e-05,0,6.29666706474913e-11,1.19904489405007e-290,9.46878126160378e-09
956,0,7.20619418965711e-05,0,1.61842263141308e-11,2.15780574625663e-294,2.87410574742457e-09
957,0,6.27335641102726e-05,0,3.9354179248037e-12,3.67373125919522e-298,8.25346332887513e-10
958,0,5.16667998823999e-05,0,9.05337356245612e-13,5.91725833522149e-302,2.24229054901981e-10
959,0,4.02569404127733e-05,0,1.97077863809314e-13,9.01678589311111e-306,5.76325783282783e-11
960,0,2.96747840164369e-05,0,4.08348183726375e-14,1.29987334839002e-309,1.40140496930761e-11
961,0,2.06943585286208e-05,0,9.42795856306581e-15,1.77283514203367e-313,3.22387374751392e-12
962,0,1.36531848934428e-05,0,9.73431647611244e-15,2.28745032446374e-317,7.01634184936208e-13
963,0,8.52184389614334e-06,0,4.27508126818769e-14,2.81617418129511e-321,1.44464629099681e-13
964,0,5.03211755159666e-06,0,2.06440039843775e-13,0,2.81403965503459e-14
965,0,2.81116010883321e-06,0,9.483634552211e-13,0,5.18581106690221e-15
966,0,1.4857234749716e-06,0,4.1224510759555e-12,0,9.04109200406391e-16
967,0,7.428617374858e-07,0,1.69533919712358e-11,0,1.4912235881126e-16
968,0,3.51395013604151e-07,0,6.59592017986076e-11,0,2.32692448841406e-17
969,0,1.57253673487396e-07,0,2.42779371697316e-10,0,3.43510049594341e-18
970,0,6.65769054386199e-08,0,8.45406875143624e-10,0,4.79749161549743e-19
971,0,2.66663767450055e-08,0,2.78507803321732e-09,0,6.33879365751007e-20
972,0,1.01046672503031e-08,0,8.68013662029376e-09,0,7.92349181166945e-21
973,0,3.62241015825646e-09,0,2.55937164423606e-08,0,9.37009982509763e-22
974,0,1.22854432412028e-09,0,7.13933478127013e-08,0,1.04830926854261e-22
975,0,3.9418640046997e-10,0,1.8840817443084e-07,0,1.10956368932505e-23
976,0,1.19654777737184e-10,0,4.70391359609603e-07,0,1.11104755491822e-24
977,0,3.43618115885596e-11,0,1.1110574873976e-06,0,1.0525207370617e-25
978,0,9.33554464820993e-12,0,2.48274048065635e-06,0,9.43292269495246e-27
979,0,2.39950063304742e-12,0,5.2486029561716e-06,0,7.99796483139306e-28
980,0,5.83471540513124e-13,0,1.04972059123432e-05,0,6.41549698941397e-29
981,0,1.34225826517812e-13,0,1.98619238452508e-05,0,4.86853976304006e-30
982,0,2.92125922209922e-14,0,3.55538395967232e-05,0,3.49530225934995e-31
983,0,6.01480713607744e-15,0,6.02100940300291e-05,0,2.37404176212331e-32
984,0,1.17163116848019e-15,0,9.64649853085902e-05,0,1.5254907252038e-33
985,0,2.15912470713643e-16,0,0.000146213576320412,0,9.27360063097775e-35
986,0,3.76428188767401e-17,0,0.000209663725095818,0,5.33340798557537e-36
987,0,6.20874966145624e-18,0,0.000284430716773786,0,2.90187582871579e-37
988,0,9.68821484109792e-19,0,0.000365045747969856,0,1.4937242910595e-38
989,0,1.43021382871117e-19,0,0.000443236679755163,0,7.27410662095617e-40
990,0,1.99744939439001e-20,0,0.000509145244909103,0,3.35124733576778e-41
991,0,2.63917505622333e-21,0,0.00055330588773209,0,1.46066593622012e-42
992,0,3.29896882027915e-22,0,0.000568861433547571,0,6.02300080572087e-44
993,0,3.90126834841803e-23,0,0.00055330588773209,0,2.34959246931866e-45
994,0,4.36466622531483e-24,0,0.000509145244909103,0,8.67141082378294e-47
995,0,4.61970083289052e-25,0,0.000443236679755163,0,3.02764243198185e-48
996,0,4.62587897588032e-26,0,0.000365045747969856,0,1.00008520967864e-49
997,0,4.38220087400875e-27,0,0.000284430716773786,0,3.12526628024426e-51
998,0,3.9274249632152e-28,0,0.000209663725095818,0,9.23963144524342e-53
999,0,3.32997606301489e-29,0,0.000146213576320412,0,2.58428180925801e-54
1000,0,2.67111094846113e-30,0,9.64649853085902e-05,0,6.83821408691483e-56
