Wavelength_nm,Reconstructed
877,6.54505535299205e-10
877.009375,8.483759649401e-10
877.01875,1.09754524978001e-09
877.028125,1.41714917310551e-09
877.0375,1.82628168983543e-09
877.046875,2.3489784638195e-09
877.05625,3.01543094220265e-09
877.065625,3.86348143283371e-09
877.075,4.9404598173441e-09
877.084375,6.30543454000844e-09
877.09375,8.03196464790635e-09
877.103125,1.02114562414464e-08
877.1125,1.29572460855195e-08
877.121875,1.64095577249835e-08
877.13125,2.07415016798566e-08
877.140625,2.61663216416682e-08
877.15,3.29461235633711e-08
877.159375,4.14023646874851e-08
877.16875,5.19284254708565e-08
877.178125,6.50046396556847e-08
877.1875,8.12162170446532e-08
877.196875,1.01274560500667e-07
877.20625,1.26042553973213e-07
877.215625,1.56564482571469e-07
877.225,1.9410133946429e-07
877.234375,2.4017237824058e-07
877.24375,2.96603883737127e-07
877.253125,3.65586259623374e-07
877.2625,4.49740667370086e-07
877.271875,5.52196598638889e-07
877.28125,6.76681921398093e-07
877.290625,8.27627108582696e-07
877.3,1.01028553612825e-06
877.309375,1.23087192332061e-06
877.31875,1.4967211809323e-06
877.328125,1.81647012935914e-06
877.3375,2.2002647468427e-06
877.346875,2.65999580368246e-06
877.35625,3.20956592754242e-06
877.365625,3.8651913226765e-06
877.375,4.64574152645492e-06
877.384375,5.57312072271665e-06
877.39375,6.67269423644737e-06
877.403125,7.97376389879781e-06
877.4125,9.51009598653593e-06
877.421875,1.13205053958289e-05
877.43125,1.3449499594507e-05
877.440625,1.59479857000099e-05
877.45,1.88740437379782e-05
877.459375,2.22937687373413e-05
877.46875,2.62821837999291e-05
877.478125,3.0924225630683e-05
877.4875,3.63158032209023e-05
877.496875,4.25649294261082e-05
877.50625,4.9792924064234e-05
877.515625,5.81356858722913e-05
877.525,6.77450291881225e-05
877.534375,7.87900795744868e-05
877.54375,9.14587207661226e-05
877.553125,0.000105959083304998
877.5625,0.000122521063045815
877.571875,0.000141397855363477
877.58125,0.000162867488414297
877.590625,0.000187234336198761
877.6,0.000214830589485904
877.609375,0.000246017659930568
877.61875,0.000281187489964976
877.628125,0.000320763738362899
877.6375,0.000365202808779281
877.646875,0.00041499468614332
877.65625,0.000470663543607849
877.665625,0.000532768080863603
877.675,0.000601901553160174
877.684375,0.00067869144935159
877.69375,0.00076379877682255
877.703125,0.000857916911350137
877.7125,0.000961769970822061
877.721875,0.00107611067346059
877.73125,0.00120171764374759
877.740625,0.0013393921327357
877.75,0.0014899541239388
877.759375,0.00165423780143797
877.76875,0.0018330863634311
877.778125,0.0020273461720114
877.7875,0.00223786023856975
877.796875,0.00246546105387341
877.80625,0.00271096278233014
877.815625,0.00297515285141173
877.825,0.00325878297928081
877.834375,0.00356255969636584
877.84375,0.00388713442984112
877.853125,0.00423309323323552
877.8625,0.00460094625693821
877.871875,0.00499111706853992
877.88125,0.00540393194474193
877.890625,0.0058396092687791
877.9,0.00629824917830499
877.909375,0.00677982361880634
877.91875,0.00728416696600189
877.928125,0.00781096738742485
877.9375,0.0083597591183072
877.946875,0.00892991582929058
877.95625,0.00952064526396468
877.965625,0.0101309853218701
877.975,0.0107598017577295
877.984375,0.0114057876602773
877.99375,0.0120674648635535
878.003125,0.0127431874308799
878.0125,0.0134311473361139
878.021875,0.0141293824488577
878.03125,0.0148357869103404
878.040625,0.0155481239642809
878.05,0.0162640412835461
878.059375,0.0169810888081261
878.06875,0.017696739083865
878.078125,0.0184084100649342
878.0875,0.0191134903159793
878.096875,0.0198093665237545
878.10625,0.0204934532022064
878.115625,0.0211632244504895
878.125,0.0218162476006534
878.134375,0.0224502185705028
878.14375,0.0230629987187439
878.153125,0.0236526529832316
878.1625,0.0242174890697456
878.171875,0.0247560974483505
878.18125,0.0252673919065513
878.190625,0.0257506504040188
878.2,0.0262055559716022
878.209375,0.0266322373980515
878.21875,0.0270313094509853
878.228125,0.0274039123834358
878.2375,0.027751750484053
878.246875,0.0280771294365959
878.25625,0.0283829922626221
878.265625,0.0286729536297033
878.275,0.0289513323152404
878.284375,0.0292231816229829
878.29375,0.0294943175546767
878.303125,0.0297713445427211
878.3125,0.0300616785508924
878.321875,0.0303735673485322
878.33125,0.0307161077593074
878.340625,0.0310992596782093
878.35,0.03153385664013
878.359375,0.0320316127103444
878.36875,0.03260512545147
878.378125,0.033267874703986
878.3875,0.034034216898192
878.396875,0.0349193745955666
878.40625,0.0359394209378864
878.415625,0.0371112586633722
878.425,0.0384525933327572
878.434375,0.03998190039452
878.44375,0.0417183857093135
878.453125,0.0436819391504453
878.4625,0.0458930808997663
878.471875,0.0483729000699942
878.48125,0.0511429853041284
878.490625,0.0542253470323586
878.5,0.0576423311081689
878.509375,0.0614165235961252
878.51875,0.0655706465488099
878.528125,0.0701274446856168
878.5375,0.075109562973883
878.546875,0.0805394152137165
878.55625,0.0864390438368903
878.565625,0.0928299712534628
878.575,0.0997330432093861
878.584375,0.107168264756679
878.59375,0.115154629584232
878.603125,0.123709943603447
878.6125,0.132850643837058
878.621875,0.142591613808917
878.63125,0.152945996780646
878.640625,0.163925008326503
878.65,0.175537749868736
878.659375,0.187791024924059
878.66875,0.200689159920386
878.678125,0.214233831537318
878.6875,0.228423902603051
878.696875,0.243255268629836
878.70625,0.258720717107366
878.715625,0.274809801677112
878.725,0.291508733290487
878.734375,0.308800290409947
878.74375,0.32666375022895
878.753125,0.345074842788004
878.7625,0.364005729725651
878.771875,0.383425009239701
878.78125,0.403297748647657
878.790625,0.423585545709667
878.8,0.444246619643107
878.809375,0.465235932488484
878.81875,0.486505341201222
878.828125,0.50800378054694
878.8375,0.529677476552884
878.846875,0.551470189950541
878.85625,0.573323488706135
878.865625,0.595177048399512
878.875,0.616968978882205
878.884375,0.638636175306526
878.89375,0.66011469130638
878.903125,0.681340131798291
878.9125,0.702248062581669
878.921875,0.722774433654251
878.93125,0.742856012906363
878.940625,0.762430826651734
878.95,0.781438603264064
878.959375,0.799821216039691
878.96875,0.817523121299194
878.978125,0.834491787659493
878.9875,0.850678112383772
878.996875,0.866036820721387
879.00625,0.880526844202783
879.015625,0.894111673953842
879.025,0.906759685226588
879.034375,0.918444429531435
879.04375,0.929144890975795
879.053125,0.938845703678046
879.0625,0.947537327430502
879.071875,0.955216179118627
879.08125,0.961884717779816
879.090625,0.967551481583743
879.1,0.972231075444789
879.109375,0.975944108428742
879.11875,0.978717080582241
879.128125,0.980582219298199
879.1375,0.98157726581994
879.146875,0.981745212981964
879.15625,0.981133995778367
879.165625,0.97979613683581
879.175,0.977788349341892
879.184375,0.975171100435295
879.19375,0.972008138496935
879.203125,0.968365988184597
879.2125,0.964313417425059
879.221875,0.959920880908586
879.23125,0.955259944920451
879.240625,0.950402698586534
879.25,0.945421156800719
879.259375,0.940386660242049
879.26875,0.935369277970043
879.278125,0.93043721811228
879.2875,0.925656252124262
879.296875,0.921089158007051
879.30625,0.916795187718107
879.315625,0.912829563798943
879.325,0.909243009978968
879.334375,0.906081320196252
879.34375,0.903384970106963
879.353125,0.901188774743038
879.3625,0.899521595521588
879.371875,0.89840609932039
879.38125,0.897858571813823
879.390625,0.89788878672012
879.4,0.898499932051041
879.409375,0.899688593884238
879.41875,0.901444797605268
879.428125,0.903752105995977
879.4375,0.906587772987011
879.446875,0.909922951349114
879.45625,0.913722952079786
879.465625,0.917947552752095
879.475,0.922551351637797
879.484375,0.927484164003335
879.49375,0.932691456605093
879.503125,0.93811481608941
879.5125,0.943692446729931
879.521875,0.949359692715682
879.53125,0.955049580039893
879.540625,0.960693372927367
879.55,0.966221139685624
879.559375,0.971562322862812
879.56875,0.976646308647081
879.578125,0.981402990545602
879.5875,0.985763322529194
879.596875,0.989659857025447
879.60625,0.993027263377678
879.615625,0.995802822660127
879.625,0.997926895046298
879.634375,0.999343356260222
879.64375,1
879.653125,0.999848903599556
879.6625,0.998846754587121
879.671875,0.996955136201146
879.68125,0.994140770332806
879.690625,0.990375716773965
879.7,0.98563752805694
879.709375,0.979909359574233
879.71875,0.973180035056913
879.728125,0.965444067871452
879.7375,0.956701638956209
879.746875,0.946958532565055
879.75625,0.936226031310729
879.765625,0.924520772300347
879.775,0.911864566437652
879.784375,0.898284183214926
879.79375,0.883811103545403
879.803125,0.868481243385399
879.8125,0.852334651061261
879.821875,0.835415181363036
879.83125,0.817770149572028
879.840625,0.799449968675003
879.85,0.780507773071087
879.859375,0.760999032096962
879.86875,0.740981156699324
879.878125,0.72051310254364
879.8875,0.699654972793342
879.896875,0.678467623708585
879.90625,0.65701227609846
879.915625,0.635350135535668
879.925,0.613542024078112
879.934375,0.59164802607074
879.94375,0.569727150406468
879.953125,0.547837011408477
879.9625,0.52603353028
879.971875,0.504370658820835
879.98125,0.482900126867872
879.990625,0.461671214662561
880,0.440730551084137
880.009375,0.420121938435703
880.01875,0.39988620420113
880.028125,0.380061079939297
880.0375,0.360681107231407
880.046875,0.341777570350191
880.05625,0.323378455097019
880.065625,0.305508433026426
880.075,0.288188870079622
880.084375,0.27143785846256
880.09375,0.255270270432964
880.103125,0.239697832521064
880.1125,0.224729218575562
880.121875,0.210370159926616
880.13125,0.196623570875779
880.140625,0.183489687660302
880.15,0.170966219008588
880.159375,0.159048506382726
880.16875,0.147729692013999
880.178125,0.137000892863685
880.1875,0.126851378684402
880.196875,0.117268752425263
880.20625,0.108239131298325
880.215625,0.0997473269198635
880.225,0.091777023045038
880.234375,0.0843109495281471
880.24375,0.077331051267932
880.253125,0.0708186510236025
880.2625,0.0647546051232555
880.271875,0.0591194512220933
880.28125,0.0538935474026162
880.290625,0.049057202046123
880.3,0.0445907940336671
880.309375,0.0404748829628343
880.31875,0.0366903091872206
880.328125,0.0332182835981105
880.3375,0.0300404671751038
880.346875,0.0271390404274061
880.35625,0.0244967629359084
880.365625,0.0220970232837299
880.375,0.019923879730117
880.384375,0.0179620920416714
880.39375,0.0161971449420169
880.403125,0.0146152636805527
880.4125,0.0132034222507275
880.421875,0.0119493448093659
880.43125,0.0108415008628638
880.440625,0.0098690947918874
880.45,0.00902205028667799
880.459375,0.00829099025941737
880.46875,0.00766721278944576
880.478125,0.00714266364287235
880.4875,0.00670990588975233
880.496875,0.00636208712150836
880.50625,0.00609290474845573
880.515625,0.00589656983297369
880.525,0.00576776988881548
880.534375,0.00570163105120335
880.54375,0.00569367999662787
880.553125,0.00573980596558185
880.5625,0.00583622321623314
880.571875,0.00597943421233197
880.58125,0.00616619382461519
880.590625,0.00639347480160217
880.6,0.00665843474294631
880.609375,0.00695838478644331
880.61875,0.00729076019807243
880.628125,0.00765309303327971
880.6375,0.00804298701663226
880.646875,0.00845809476601548
880.65625,0.00889609746665472
880.665625,0.00935468707891784
880.675,0.00983155114258992
880.684375,0.010324360218449
880.69375,0.0108307579858131
880.703125,0.0113483539923304
880.7125,0.0118747190292265
880.721875,0.0124073830823515
880.73125,0.0129438357860716
880.740625,0.0134815292839479
880.75,0.0140178833774736
880.759375,0.0145502928216714
880.76875,0.0150761366051639
880.778125,0.0155927890319353
880.7875,0.0160976324031936
880.796875,0.0165880710808481
880.80625,0.0170615466989825
880.815625,0.0175155542774346
880.825,0.0179476589816723
880.834375,0.0183555132663428
880.84375,0.0187368741363206
880.853125,0.0190896202585993
880.8625,0.0194117686617137
880.871875,0.0197014907659505
880.88125,0.0199571274978081
880.890625,0.0201772032558583
880.9,0.0203604385119646
880.909375,0.0205057608519529
880.91875,0.0206123142825973
880.928125,0.02067946665714
880.9375,0.0207068150990444
880.946875,0.0206941893327892
880.95625,0.0206416528609347
880.965625,0.020549501957789
880.975,0.0204182624813688
880.984375,0.0202486845363904
880.99375,0.0200417350513387
881.003125,0.0197985883615986
881.0125,0.0195206149178591
881.021875,0.0192093682640248
881.03125,0.0188665704512019
881.040625,0.0184940960739139
881.05,0.0180939551308295
881.059375,0.0176682749251538
881.06875,0.0172192812290616
881.078125,0.0167492789419867
881.0875,0.0162606324746227
881.096875,0.0157557460885449
881.10625,0.0152370444162028
881.115625,0.0147069533774711
881.125,0.0141678816971816
881.134375,0.0136222032138761
881.14375,0.0130722401529633
881.153125,0.0125202475186949
881.1625,0.0119683987388244
881.171875,0.0114187726738793
881.18125,0.0108733420805889
881.190625,0.0103339635957478
881.2,0.00980236928391114
881.209375,0.00928015976968972
881.21875,0.00876879895342802
881.228125,0.00826961028850696
881.2375,0.0077837745789188
881.246875,0.00731232923816856
881.25625,0.00685616893468636
881.265625,0.00641604753498021
881.275,0.00599258124425502
881.284375,0.00558625283452817
881.29375,0.00519741684312588
881.303125,0.00482630561938789
881.3125,0.00447303609442181
881.321875,0.00413761714807779
881.33125,0.00381995744824541
881.340625,0.00351987364054595
881.35,0.00323709877095968
881.359375,0.0029712908297412
881.36875,0.00272204131218908
881.378125,0.00248888369978673
881.3875,0.00227130177416303
881.396875,0.00206873768573837
881.40625,0.00188059970866011
881.415625,0.00170626962368347
881.425,0.0015451096805123
881.434375,0.00139646910094694
881.44375,0.00125969009363791
881.453125,0.00113411336022197
881.4625,0.00101908308113828
881.471875,0.000913951377175976
881.48125,0.000818082249952747
881.490625,0.000730855010873731
881.5,0.000651667213670008
881.509375,0.000579937110432935
881.51875,0.000515105655005253
881.528125,0.000456638080826803
881.5375,0.000404025082799238
881.546875,0.000356783634488863
881.55625,0.000314457473126236
881.565625,0.000276617285353131
881.575,0.000242860626661179
881.584375,0.000212811606967576
881.59375,0.000186120373857867
881.603125,0.000162462423784616
881.6125,0.000141537769956184
881.621875,0.000123069993893141
881.63125,0.000106805205694905
881.640625,9.25109360058221e-05
881.65,7.99749805608298e-05
881.659375,6.90042160414286e-05
881.66875,5.94234038491915e-05
881.678125,5.10739963208407e-05
881.6875,4.38129578978441e-05
881.696875,3.75116118543403e-05
881.70625,3.20545213833809e-05
881.715625,2.73384121708075e-05
881.725,2.32711420481329e-05
881.734375,1.97707219182822e-05
881.74375,1.67643908965926e-05
881.753125,1.41877474963035e-05
881.7625,1.19839377168631e-05
881.771875,1.01029000548837e-05
881.78125,8.50066674587878e-06
881.790625,7.13871995363785e-06
881.8,5.98340114105873e-06
881.809375,5.0053714753586e-06
881.81875,4.17912082984793e-06
881.828125,3.48252273464332e-06
881.8375,2.89643249082245e-06
881.846875,2.40432558576288e-06
881.85625,1.99197352429832e-06
881.865625,1.64715421148881e-06
881.875,1.35939408071662e-06
881.884375,1.11973924864726e-06
881.89375,9.20553089286582e-07
881.903125,7.55337747803312e-07
881.9125,6.18577255498278e-07
881.921875,5.05600056013205e-07
881.93125,4.12458905934525e-07
881.940625,3.35826266952909e-07
881.95,2.7290345931918e-07
881.959375,2.21341995208768e-07
881.96875,1.79175654150726e-07
881.978125,1.44761999667271e-07
881.9875,1.1673216569589e-07
881.996875,9.39478627079389e-08
882.00625,7.54646662742671e-08
882.015625,6.05007550360233e-08
882.025,4.8410360666917e-08
882.034375,3.86612796051424e-08
882.04375,3.08158754118696e-08
882.053125,2.45150719277587e-08
882.0625,1.94649013891942e-08
882.071875,1.54252288096008e-08
882.08125,1.22003247127873e-08
882.090625,9.63100324178269e-09
882.1,7.58808225279136e-09
882.109375,5.96695673358935e-09
882.11875,4.68310723344152e-09
882.128125,3.66839140327754e-09
882.1375,2.86798964683596e-09
882.146875,2.23789566640317e-09
882.15625,1.74285971423368e-09
882.165625,1.35470696518608e-09
882.175,1.05096590796403e-09
882.184375,8.13752284948827e-10
882.19375,6.28863137127728e-10
882.203125,4.8504314880202e-10
882.2125,3.73391929497265e-10
882.221875,2.86886287400032e-10
882.23125,2.1999608915659e-10
882.240625,1.68376094897618e-10
882.25,1.28619318075404e-10
882.259375,9.80600849905675e-11
882.26875,7.46171429215665e-11
882.278125,5.6668960943535e-11
882.2875,4.29548455232739e-11
882.296875,3.2496706383216e-11
882.30625,2.45373014993591e-11
882.315625,1.8491601037611e-11
882.325,1.39085702287166e-11
882.334375,1.04412071636231e-11
882.34375,7.82310544746435e-12
882.353125,5.85016205449699e-12
882.3625,4.36633290059994e-12
882.371875,3.25256528055846e-12
882.38125,2.41821785302289e-12
882.390625,1.7944238892585e-12
882.4,1.32896907086251e-12
882.409375,9.82346972496109e-13
882.41875,7.24728179485829e-13
882.428125,5.33636564033249e-13
882.4375,3.92171651942099e-13
882.446875,2.87651734476237e-13
882.45625,2.10580412108133e-13
882.465625,1.53861199432155e-13
882.475,1.12201953351949e-13
882.484375,8.16642309876946e-14
882.49375,5.93230517229895e-14
882.503125,4.30105734476945e-14
882.5125,3.11234058764294e-14
882.521875,2.24780755965724e-14
882.53125,1.62028443205697e-14
882.540625,1.16569116429556e-14
882.55,8.37020040726184e-15
882.559375,5.99857795849069e-15
882.56875,4.29062787833361e-15
882.578125,3.06304570855704e-15
882.5875,2.18245944415276e-15
882.596875,1.55202587038759e-15
882.60625,1.10156921941327e-15
882.615625,7.80341461138285e-16
882.625,5.51718592274503e-16
882.634375,3.89323478640184e-16
882.64375,2.74197570154027e-16
882.653125,1.9274212004867e-16
882.6625,1.35222722787995e-16
882.671875,9.4685336786307e-17
882.68125,6.61722312695429e-17
882.690625,4.61560696743671e-17
882.7,3.21323022921073e-17
882.709375,2.23262015964327e-17
882.71875,1.54827394564292e-17
882.728125,1.07161979286931e-17
882.7375,7.40275874723882e-18
882.746875,5.1039499389115e-18
882.75625,3.51219926380641e-18
882.765625,2.41219166180588e-18
882.775,1.65350072787416e-18
882.784375,1.13124552511862e-18
882.79375,7.7244800270486e-19
882.803125,5.26431080838142e-19
882.8125,3.58074726396177e-19
882.821875,2.43089211316231e-19
882.83125,1.64709087363953e-19
882.840625,1.11385661463317e-19
882.85,7.51797466228708e-20
882.859375,5.06444967376402e-20
882.86875,3.40504993628403e-20
882.878125,2.2849385503286e-20
882.8875,1.53033097590889e-20
882.896875,1.02295377228598e-20
882.90625,6.82474506087135e-21
882.915625,4.5444008615575e-21
882.925,3.02013669699698e-21
882.934375,2.00325540784326e-21
882.94375,1.32619013802471e-21
882.953125,8.76264063636716e-22
882.9625,5.77861732902293e-22
882.971875,3.80340512362552e-22
882.98125,2.49850916038645e-22
882.990625,1.63813240762355e-22
883,1.07195547186292e-22
